{"rank": ["1"], "title": ["肖申克的救赎"], "rating_num": ["9.7"], "comment_num": ["2088503人评价"], "info": ["导演: 弗兰克·德拉邦特 Frank Darabont   主演: 蒂姆·罗宾斯 Tim Robbins /..."], "motto": ["希望让人自由。"], "pic_url": ["https://img3.doubanio.com/view/photo/s_ratio_poster/public/p480747492.jpg"]}
{"rank": ["2"], "title": ["霸王别姬"], "rating_num": ["9.6"], "comment_num": ["1549015人评价"], "info": ["导演: 陈凯歌 Kaige Chen   主演: 张国荣 Leslie Cheung / 张丰毅 Fengyi Zha..."], "motto": ["风华绝代。"], "pic_url": ["https://img3.doubanio.com/view/photo/s_ratio_poster/public/p2561716440.jpg"]}
{"rank": ["3"], "title": ["阿甘正传"], "rating_num": ["9.5"], "comment_num": ["1577453人评价"], "info": ["导演: 罗伯特·泽米吉斯 Robert Zemeckis   主演: 汤姆·汉克斯 Tom Hanks / ..."], "motto": ["一部美国近现代史。"], "pic_url": ["https://img3.doubanio.com/view/photo/s_ratio_poster/public/p2372307693.jpg"]}
{"rank": ["4"], "title": ["这个杀手不太冷"], "rating_num": ["9.4"], "comment_num": ["1767656人评价"], "info": ["导演: 吕克·贝松 Luc Besson   主演: 让·雷诺 Jean Reno / 娜塔莉·波特曼 ..."], "motto": ["怪蜀黍和小萝莉不得不说的故事。"], "pic_url": ["https://img3.doubanio.com/view/photo/s_ratio_poster/public/p511118051.jpg"]}
{"rank": ["5"], "title": ["泰坦尼克号"], "rating_num": ["9.4"], "comment_num": ["1531033人评价"], "info": ["导演: 詹姆斯·卡梅隆 James Cameron   主演: 莱昂纳多·迪卡普里奥 Leonardo..."], "motto": ["失去的才是永恒的。 "], "pic_url": ["https://img9.doubanio.com/view/photo/s_ratio_poster/public/p457760035.jpg"]}
{"rank": ["6"], "title": ["美丽人生"], "rating_num": ["9.5"], "comment_num": ["987578人评价"], "info": ["导演: 罗伯托·贝尼尼 Roberto Benigni   主演: 罗伯托·贝尼尼 Roberto Beni..."], "motto": ["最美的谎言。"], "pic_url": ["https://img3.doubanio.com/view/photo/s_ratio_poster/public/p2578474613.jpg"]}
{"rank": ["7"], "title": ["千与千寻"], "rating_num": ["9.4"], "comment_num": ["1640417人评价"], "info": ["导演: 宫崎骏 Hayao Miyazaki   主演: 柊瑠美 Rumi Hîragi / 入野自由 Miy..."], "motto": ["最好的宫崎骏，最好的久石让。 "], "pic_url": ["https://img1.doubanio.com/view/photo/s_ratio_poster/public/p2557573348.jpg"]}
{"rank": ["8"], "title": ["辛德勒的名单"], "rating_num": ["9.5"], "comment_num": ["803343人评价"], "info": ["导演: 史蒂文·斯皮尔伯格 Steven Spielberg   主演: 连姆·尼森 Liam Neeson..."], "motto": ["拯救一个人，就是拯救整个世界。"], "pic_url": ["https://img3.doubanio.com/view/photo/s_ratio_poster/public/p492406163.jpg"]}
{"rank": ["9"], "title": ["盗梦空间"], "rating_num": ["9.3"], "comment_num": ["1505755人评价"], "info": ["导演: 克里斯托弗·诺兰 Christopher Nolan   主演: 莱昂纳多·迪卡普里奥 Le..."], "motto": ["诺兰给了我们一场无法盗取的梦。"], "pic_url": ["https://img9.doubanio.com/view/photo/s_ratio_poster/public/p513344864.jpg"]}
{"rank": ["10"], "title": ["忠犬八公的故事"], "rating_num": ["9.4"], "comment_num": ["1048132人评价"], "info": ["导演: 莱塞·霍尔斯道姆 Lasse Hallström   主演: 理查·基尔 Richard Ger..."], "motto": ["永远都不能忘记你所爱的人。"], "pic_url": ["https://img1.doubanio.com/view/photo/s_ratio_poster/public/p524964039.jpg"]}
{"rank": ["11"], "title": ["海上钢琴师"], "rating_num": ["9.3"], "comment_num": ["1255994人评价"], "info": ["导演: 朱塞佩·托纳多雷 Giuseppe Tornatore   主演: 蒂姆·罗斯 Tim Roth / ..."], "motto": ["每个人都要走一条自己坚定了的路，就算是粉身碎骨。 "], "pic_url": ["https://img9.doubanio.com/view/photo/s_ratio_poster/public/p2574551676.jpg"]}
{"rank": ["12"], "title": ["楚门的世界"], "rating_num": ["9.3"], "comment_num": ["1128803人评价"], "info": ["导演: 彼得·威尔 Peter Weir   主演: 金·凯瑞 Jim Carrey / 劳拉·琳妮 Lau..."], "motto": ["如果再也不能见到你，祝你早安，午安，晚安。"], "pic_url": ["https://img3.doubanio.com/view/photo/s_ratio_poster/public/p479682972.jpg"]}
{"rank": ["13"], "title": ["三傻大闹宝莱坞"], "rating_num": ["9.2"], "comment_num": ["1398251人评价"], "info": ["导演: 拉库马·希拉尼 Rajkumar Hirani   主演: 阿米尔·汗 Aamir Khan / 卡..."], "motto": ["英俊版憨豆，高情商版谢耳朵。"], "pic_url": ["https://img3.doubanio.com/view/photo/s_ratio_poster/public/p579729551.jpg"]}
{"rank": ["14"], "title": ["机器人总动员"], "rating_num": ["9.3"], "comment_num": ["990657人评价"], "info": ["导演: 安德鲁·斯坦顿 Andrew Stanton   主演: 本·贝尔特 Ben Burtt / 艾丽..."], "motto": ["小瓦力，大人生。"], "pic_url": ["https://img3.doubanio.com/view/photo/s_ratio_poster/public/p1461851991.jpg"]}
{"rank": ["15"], "title": ["放牛班的春天"], "rating_num": ["9.3"], "comment_num": ["972607人评价"], "info": ["导演: 克里斯托夫·巴拉蒂 Christophe Barratier   主演: 热拉尔·朱尼奥 Gé..."], "motto": ["天籁一般的童声，是最接近上帝的存在。 "], "pic_url": ["https://img3.doubanio.com/view/photo/s_ratio_poster/public/p1910824951.jpg"]}
{"rank": ["16"], "title": ["星际穿越"], "rating_num": ["9.3"], "comment_num": ["1130297人评价"], "info": ["导演: 克里斯托弗·诺兰 Christopher Nolan   主演: 马修·麦康纳 Matthew Mc..."], "motto": ["爱是一种力量，让我们超越时空感知它的存在。"], "pic_url": ["https://img1.doubanio.com/view/photo/s_ratio_poster/public/p2614988097.jpg"]}
{"rank": ["17"], "title": ["大话西游之大圣娶亲"], "rating_num": ["9.2"], "comment_num": ["1106961人评价"], "info": ["导演: 刘镇伟 Jeffrey Lau   主演: 周星驰 Stephen Chow / 吴孟达 Man Tat Ng..."], "motto": ["一生所爱。"], "pic_url": ["https://img9.doubanio.com/view/photo/s_ratio_poster/public/p2455050536.jpg"]}
{"rank": ["18"], "title": ["熔炉"], "rating_num": ["9.3"], "comment_num": ["681971人评价"], "info": ["导演: 黄东赫 Dong-hyuk Hwang   主演: 孔侑 Yoo Gong / 郑有美 Yu-mi Jung /..."], "motto": ["我们一路奋战不是为了改变世界，而是为了不让世界改变我们。"], "pic_url": ["https://img9.doubanio.com/view/photo/s_ratio_poster/public/p1363250216.jpg"]}
{"rank": ["19"], "title": ["疯狂动物城"], "rating_num": ["9.2"], "comment_num": ["1327972人评价"], "info": ["导演: 拜伦·霍华德 Byron Howard / 瑞奇·摩尔 Rich Moore   主演: 金妮弗·..."], "motto": ["迪士尼给我们营造的乌托邦就是这样，永远善良勇敢，永远出乎意料。"], "pic_url": ["https://img1.doubanio.com/view/photo/s_ratio_poster/public/p2614500649.jpg"]}
{"rank": ["20"], "title": ["无间道"], "rating_num": ["9.2"], "comment_num": ["903130人评价"], "info": ["导演: 刘伟强 / 麦兆辉   主演: 刘德华 / 梁朝伟 / 黄秋生"], "motto": ["香港电影史上永不过时的杰作。"], "pic_url": ["https://img3.doubanio.com/view/photo/s_ratio_poster/public/p2564556863.jpg"]}
{"rank": ["21"], "title": ["龙猫"], "rating_num": ["9.2"], "comment_num": ["934338人评价"], "info": ["导演: 宫崎骏 Hayao Miyazaki   主演: 日高法子 Noriko Hidaka / 坂本千夏 Ch..."], "motto": ["人人心中都有个龙猫，童年就永远不会消失。"], "pic_url": ["https://img9.doubanio.com/view/photo/s_ratio_poster/public/p2540924496.jpg"]}
{"rank": ["22"], "title": ["教父"], "rating_num": ["9.3"], "comment_num": ["682407人评价"], "info": ["导演: 弗朗西斯·福特·科波拉 Francis Ford Coppola   主演: 马龙·白兰度 M..."], "motto": ["千万不要记恨你的对手，这样会让你失去理智。"], "pic_url": ["https://img9.doubanio.com/view/photo/s_ratio_poster/public/p616779645.jpg"]}
{"rank": ["23"], "title": ["当幸福来敲门"], "rating_num": ["9.1"], "comment_num": ["1122231人评价"], "info": ["导演: 加布里尔·穆奇诺 Gabriele Muccino   主演: 威尔·史密斯 Will Smith ..."], "motto": ["平民励志片。 "], "pic_url": ["https://img9.doubanio.com/view/photo/s_ratio_poster/public/p2614359276.jpg"]}
{"rank": ["24"], "title": ["怦然心动"], "rating_num": ["9.1"], "comment_num": ["1304241人评价"], "info": ["导演: 罗伯·莱纳 Rob Reiner   主演: 玛德琳·卡罗尔 Madeline Carroll / 卡..."], "motto": ["真正的幸福是来自内心深处。"], "pic_url": ["https://img1.doubanio.com/view/photo/s_ratio_poster/public/p501177648.jpg"]}
{"rank": ["25"], "title": ["触不可及"], "rating_num": ["9.2"], "comment_num": ["728909人评价"], "info": ["导演: 奥利维·那卡什 Olivier Nakache / 艾力克·托兰达 Eric Toledano   主..."], "motto": ["满满温情的高雅喜剧。"], "pic_url": ["https://img9.doubanio.com/view/photo/s_ratio_poster/public/p1454261925.jpg"]}
{"rank": ["26"], "title": ["控方证人"], "rating_num": ["9.6"], "comment_num": ["297578人评价"], "info": ["导演: 比利·怀尔德 Billy Wilder   主演: 泰隆·鲍华 Tyrone Power / 玛琳·..."], "motto": ["比利·怀德满分作品。"], "pic_url": ["https://img1.doubanio.com/view/photo/s_ratio_poster/public/p1505392928.jpg"]}
{"rank": ["27"], "title": ["蝙蝠侠：黑暗骑士"], "rating_num": ["9.2"], "comment_num": ["753054人评价"], "info": ["导演: 克里斯托弗·诺兰 Christopher Nolan   主演: 克里斯蒂安·贝尔 Christ..."], "motto": ["无尽的黑暗。"], "pic_url": ["https://img3.doubanio.com/view/photo/s_ratio_poster/public/p462657443.jpg"]}
{"rank": ["28"], "title": ["活着"], "rating_num": ["9.2"], "comment_num": ["585801人评价"], "info": ["导演: 张艺谋 Yimou Zhang   主演: 葛优 You Ge / 巩俐 Li Gong / 姜武 Wu Jiang"], "motto": ["张艺谋最好的电影。"], "pic_url": ["https://img3.doubanio.com/view/photo/s_ratio_poster/public/p2513253791.jpg"]}
{"rank": ["29"], "title": ["末代皇帝"], "rating_num": ["9.3"], "comment_num": ["536542人评价"], "info": ["导演: 贝纳尔多·贝托鲁奇 Bernardo Bertolucci   主演: 尊龙 John Lone / 陈..."], "motto": ["“不要跟我比惨，我比你更惨”再适合这部电影不过了。"], "pic_url": ["https://img3.doubanio.com/view/photo/s_ratio_poster/public/p452089833.jpg"]}
{"rank": ["30"], "title": ["寻梦环游记"], "rating_num": ["9.1"], "comment_num": ["1112561人评价"], "info": ["导演: 李·昂克里奇 Lee Unkrich / 阿德里安·莫利纳 Adrian Molina   主演: ..."], "motto": ["死亡不是真的逝去，遗忘才是永恒的消亡。"], "pic_url": ["https://img9.doubanio.com/view/photo/s_ratio_poster/public/p2614500706.jpg"]}
{"rank": ["31"], "title": ["乱世佳人"], "rating_num": ["9.3"], "comment_num": ["502148人评价"], "info": ["导演: 维克多·弗莱明 Victor Fleming / 乔治·库克 George Cukor   主演: 费..."], "motto": ["Tomorrow is another day."], "pic_url": ["https://img3.doubanio.com/view/photo/s_ratio_poster/public/p1963126880.jpg"]}
{"rank": ["32"], "title": ["摔跤吧！爸爸"], "rating_num": ["9.0"], "comment_num": ["1147191人评价"], "info": ["导演: 涅提·蒂瓦里 Nitesh Tiwari   主演: 阿米尔·汗 Aamir Khan / 法缇玛..."], "motto": ["你不是在为你一个人战斗，你要让千千万万的女性看到女生并不是只能相夫教子。"], "pic_url": ["https://img9.doubanio.com/view/photo/s_ratio_poster/public/p2457983084.jpg"]}
{"rank": ["33"], "title": ["何以为家"], "rating_num": ["9.1"], "comment_num": ["685523人评价"], "info": ["导演: 娜丁·拉巴基 Nadine Labaki   主演: 扎因·拉费阿 Zain al-Rafeea / ..."], "motto": ["凝视卑弱生命，用电影改变命运。"], "pic_url": ["https://img1.doubanio.com/view/photo/s_ratio_poster/public/p2555295759.jpg"]}
{"rank": ["34"], "title": ["指环王3：王者无敌"], "rating_num": ["9.2"], "comment_num": ["553957人评价"], "info": ["导演: 彼得·杰克逊 Peter Jackson   主演: 伊利亚·伍德 Elijah Wood / 西恩..."], "motto": ["史诗的终章。"], "pic_url": ["https://img3.doubanio.com/view/photo/s_ratio_poster/public/p1910825503.jpg"]}
{"rank": ["35"], "title": ["少年派的奇幻漂流"], "rating_num": ["9.1"], "comment_num": ["1046170人评价"], "info": ["导演: 李安 Ang Lee   主演: 苏拉·沙玛 Suraj Sharma / 伊尔凡·可汗 Irrfan..."], "motto": ["瑰丽壮观、无人能及的冒险之旅。"], "pic_url": ["https://img3.doubanio.com/view/photo/s_ratio_poster/public/p1784592701.jpg"]}
{"rank": ["36"], "title": ["飞屋环游记"], "rating_num": ["9.0"], "comment_num": ["979951人评价"], "info": ["导演: 彼特·道格特 Pete Docter / 鲍勃·彼德森 Bob Peterson   主演: 爱德..."], "motto": ["最后那些最无聊的事情，才是最值得怀念的。 "], "pic_url": ["https://img9.doubanio.com/view/photo/s_ratio_poster/public/p485887754.jpg"]}
{"rank": ["37"], "title": ["十二怒汉"], "rating_num": ["9.4"], "comment_num": ["334290人评价"], "info": ["导演: Sidney Lumet   主演: 亨利·方达 Henry Fonda / 马丁·鲍尔萨姆 Marti..."], "motto": ["1957年的理想主义。 "], "pic_url": ["https://img3.doubanio.com/view/photo/s_ratio_poster/public/p2173577632.jpg"]}
{"rank": ["38"], "title": ["鬼子来了"], "rating_num": ["9.2"], "comment_num": ["451124人评价"], "info": ["导演: 姜文 Wen Jiang   主演: 姜文 Wen Jiang / 香川照之 Teruyuki Kagawa /..."], "motto": ["对敌人的仁慈，就是对自己残忍。"], "pic_url": ["https://img1.doubanio.com/view/photo/s_ratio_poster/public/p2553104888.jpg"]}
{"rank": ["39"], "title": ["素媛"], "rating_num": ["9.2"], "comment_num": ["458331人评价"], "info": ["导演: 李濬益 Jun-ik Lee   主演: 薛景求 Kyung-gu Sol / 严志媛 Ji-won Uhm ..."], "motto": ["受过伤害的人总是笑得最开心，因为他们不愿意让身边的人承受一样的痛苦。"], "pic_url": ["https://img9.doubanio.com/view/photo/s_ratio_poster/public/p2118532944.jpg"]}
{"rank": ["40"], "title": ["天空之城"], "rating_num": ["9.1"], "comment_num": ["621421人评价"], "info": ["导演: 宫崎骏 Hayao Miyazaki   主演: 田中真弓 Mayumi Tanaka / 横泽启子 Ke..."], "motto": ["对天空的追逐，永不停止。 "], "pic_url": ["https://img1.doubanio.com/view/photo/s_ratio_poster/public/p1446261379.jpg"]}
{"rank": ["41"], "title": ["哈尔的移动城堡"], "rating_num": ["9.1"], "comment_num": ["717055人评价"], "info": ["导演: 宫崎骏 Hayao Miyazaki   主演: 倍赏千惠子 Chieko Baishô / 木村拓..."], "motto": ["带着心爱的人在天空飞翔。"], "pic_url": ["https://img3.doubanio.com/view/photo/s_ratio_poster/public/p2174346180.jpg"]}
{"rank": ["42"], "title": ["大话西游之月光宝盒"], "rating_num": ["9.0"], "comment_num": ["885467人评价"], "info": ["导演: 刘镇伟 Jeffrey Lau   主演: 周星驰 Stephen Chow / 吴孟达 Man Tat Ng..."], "motto": ["旷古烁今。"], "pic_url": ["https://img3.doubanio.com/view/photo/s_ratio_poster/public/p2561721372.jpg"]}
{"rank": ["43"], "title": ["天堂电影院"], "rating_num": ["9.2"], "comment_num": ["483062人评价"], "info": ["导演: 朱塞佩·托纳多雷 Giuseppe Tornatore   主演: 安东内拉·阿蒂利 Anton..."], "motto": ["那些吻戏，那些青春，都在影院的黑暗里被泪水冲刷得无比清晰。"], "pic_url": ["https://img1.doubanio.com/view/photo/s_ratio_poster/public/p2559577569.jpg"]}
{"rank": ["44"], "title": ["哈利·波特与魔法石"], "rating_num": ["9.0"], "comment_num": ["690619人评价"], "info": ["导演: Chris Columbus   主演: Daniel Radcliffe / Emma Watson / Rupert Grint"], "motto": ["童话世界的开端。"], "pic_url": ["https://img9.doubanio.com/view/photo/s_ratio_poster/public/p2614949805.jpg"]}
{"rank": ["45"], "title": ["罗马假日"], "rating_num": ["9.0"], "comment_num": ["717219人评价"], "info": ["导演: 威廉·惠勒 William Wyler   主演: 奥黛丽·赫本 Audrey Hepburn / 格..."], "motto": ["爱情哪怕只有一天。"], "pic_url": ["https://img9.doubanio.com/view/photo/s_ratio_poster/public/p2189265085.jpg"]}
{"rank": ["46"], "title": ["闻香识女人"], "rating_num": ["9.1"], "comment_num": ["624714人评价"], "info": ["导演: 马丁·布莱斯 Martin Brest   主演: 阿尔·帕西诺 Al Pacino / 克里斯..."], "motto": ["史上最美的探戈。"], "pic_url": ["https://img1.doubanio.com/view/photo/s_ratio_poster/public/p2550757929.jpg"]}
{"rank": ["47"], "title": ["辩护人"], "rating_num": ["9.2"], "comment_num": ["448516人评价"], "info": ["导演: 杨宇硕 Woo-seok Yang   主演: 宋康昊 Kang-ho Song / 金英爱 Yeong-ae..."], "motto": ["电影的现实意义大过电影本身。"], "pic_url": ["https://img9.doubanio.com/view/photo/s_ratio_poster/public/p2158166535.jpg"]}
{"rank": ["48"], "title": ["我不是药神"], "rating_num": ["9.0"], "comment_num": ["1532545人评价"], "info": ["导演: 文牧野 Muye Wen   主演: 徐峥 Zheng Xu / 王传君 Chuanjun Wang / 周..."], "motto": ["对我们国家而言，这样的电影多一部是一部。"], "pic_url": ["https://img9.doubanio.com/view/photo/s_ratio_poster/public/p2561305376.jpg"]}
{"rank": ["49"], "title": ["搏击俱乐部"], "rating_num": ["9.0"], "comment_num": ["642241人评价"], "info": ["导演: 大卫·芬奇 David Fincher   主演: 爱德华·诺顿 Edward Norton / 布拉..."], "motto": ["邪恶与平庸蛰伏于同一个母体，在特定的时间互相对峙。"], "pic_url": ["https://img1.doubanio.com/view/photo/s_ratio_poster/public/p1910926158.jpg"]}
{"rank": ["50"], "title": ["死亡诗社"], "rating_num": ["9.1"], "comment_num": ["509469人评价"], "info": ["导演: 彼得·威尔 Peter Weir   主演: 罗宾·威廉姆斯 Robin Williams / 罗伯..."], "motto": ["当一个死水般的体制内出现一个活跃的变数时，所有的腐臭都站在了光明的对面。"], "pic_url": ["https://img3.doubanio.com/view/photo/s_ratio_poster/public/p2575465690.jpg"]}
{"rank": ["51"], "title": ["教父2"], "rating_num": ["9.2"], "comment_num": ["378213人评价"], "info": ["导演: 弗朗西斯·福特·科波拉 Francis Ford Coppola   主演: 阿尔·帕西诺 A..."], "motto": ["优雅的孤独。"], "pic_url": ["https://img1.doubanio.com/view/photo/s_ratio_poster/public/p2194138787.jpg"]}
{"rank": ["52"], "title": ["狮子王"], "rating_num": ["9.0"], "comment_num": ["590016人评价"], "info": ["导演: Roger Allers / 罗伯·明可夫 Rob Minkoff   主演: 乔纳森·泰勒·托马..."], "motto": ["动物版《哈姆雷特》。"], "pic_url": ["https://img1.doubanio.com/view/photo/s_ratio_poster/public/p2277799019.jpg"]}
{"rank": ["53"], "title": ["指环王2：双塔奇兵"], "rating_num": ["9.1"], "comment_num": ["505079人评价"], "info": ["导演: 彼得·杰克逊 Peter Jackson   主演: 伊利亚·伍德 Elijah Wood / 西恩..."], "motto": ["承前启后的史诗篇章。"], "pic_url": ["https://img9.doubanio.com/view/photo/s_ratio_poster/public/p909265336.jpg"]}
{"rank": ["54"], "title": ["大闹天宫"], "rating_num": ["9.3"], "comment_num": ["284025人评价"], "info": ["导演: 万籁鸣 Laiming Wan / 唐澄 Cheng Tang   主演: 邱岳峰 Yuefeng Qiu /..."], "motto": ["经典之作，历久弥新。"], "pic_url": ["https://img1.doubanio.com/view/photo/s_ratio_poster/public/p2184505167.jpg"]}
{"rank": ["55"], "title": ["猫鼠游戏"], "rating_num": ["9.0"], "comment_num": ["593766人评价"], "info": ["导演: 史蒂文·斯皮尔伯格 Steven Spielberg   主演: 莱昂纳多·迪卡普里奥 L..."], "motto": ["骗子大师和执著警探的你追我跑故事。 "], "pic_url": ["https://img3.doubanio.com/view/photo/s_ratio_poster/public/p453924541.jpg"]}
{"rank": ["56"], "title": ["窃听风暴"], "rating_num": ["9.1"], "comment_num": ["418549人评价"], "info": ["导演: 弗洛里安·亨克尔·冯·多纳斯马尔克 Florian Henckel von Donnersmarck  &n..."], "motto": ["别样人生。"], "pic_url": ["https://img1.doubanio.com/view/photo/s_ratio_poster/public/p1808872109.jpg"]}
{"rank": ["57"], "title": ["指环王1：魔戒再现"], "rating_num": ["9.0"], "comment_num": ["568340人评价"], "info": ["导演: 彼得·杰克逊 Peter Jackson   主演: 伊利亚·伍德 Elijah Wood / 西恩..."], "motto": ["传说的开始。"], "pic_url": ["https://img3.doubanio.com/view/photo/s_ratio_poster/public/p1354436051.jpg"]}
{"rank": ["58"], "title": ["钢琴家"], "rating_num": ["9.2"], "comment_num": ["381269人评价"], "info": ["导演: 罗曼·波兰斯基 Roman Polanski   主演: 艾德里安·布洛迪 Adrien Brod..."], "motto": ["音乐能化解仇恨。"], "pic_url": ["https://img3.doubanio.com/view/photo/s_ratio_poster/public/p792376093.jpg"]}
{"rank": ["59"], "title": ["美丽心灵"], "rating_num": ["9.0"], "comment_num": ["553004人评价"], "info": ["导演: 朗·霍华德 Ron Howard   主演: 罗素·克劳 Russell Crowe / 艾德·哈..."], "motto": ["爱是一切逻辑和原由。"], "pic_url": ["https://img3.doubanio.com/view/photo/s_ratio_poster/public/p1665997400.jpg"]}
{"rank": ["60"], "title": ["两杆大烟枪"], "rating_num": ["9.1"], "comment_num": ["447460人评价"], "info": ["导演: Guy Ritchie   主演: Jason Flemyng / Dexter Fletcher / Nick Moran"], "motto": ["4个臭皮匠顶个诸葛亮，盖·里奇果然不是盖的。"], "pic_url": ["https://img1.doubanio.com/view/photo/s_ratio_poster/public/p792443418.jpg"]}
{"rank": ["61"], "title": ["黑客帝国"], "rating_num": ["9.0"], "comment_num": ["571230人评价"], "info": ["导演: 安迪·沃卓斯基 Andy Wachowski / 拉娜·沃卓斯基 Lana Wachowski   主..."], "motto": ["视觉革命。"], "pic_url": ["https://img1.doubanio.com/view/photo/s_ratio_poster/public/p451926968.jpg"]}
{"rank": ["62"], "title": ["饮食男女"], "rating_num": ["9.1"], "comment_num": ["415666人评价"], "info": ["导演: 李安 Ang Lee   主演: 郎雄 Sihung Lung / 杨贵媚 Kuei-Mei Yang / 吴..."], "motto": ["人生不能像做菜，把所有的料都准备好了才下锅。"], "pic_url": ["https://img3.doubanio.com/view/photo/s_ratio_poster/public/p1910899751.jpg"]}
{"rank": ["63"], "title": ["飞越疯人院"], "rating_num": ["9.1"], "comment_num": ["437476人评价"], "info": ["导演: 米洛斯·福尔曼 Miloš Forman   主演: 杰克·尼科尔森 Jack Nichols..."], "motto": ["自由万岁。"], "pic_url": ["https://img1.doubanio.com/view/photo/s_ratio_poster/public/p792238287.jpg"]}
{"rank": ["64"], "title": ["本杰明·巴顿奇事"], "rating_num": ["8.9"], "comment_num": ["721559人评价"], "info": ["导演: 大卫·芬奇 David Fincher   主演: 凯特·布兰切特 Cate Blanchett / ..."], "motto": ["在时间之河里感受溺水之苦。"], "pic_url": ["https://img3.doubanio.com/view/photo/s_ratio_poster/public/p2192535722.jpg"]}
{"rank": ["65"], "title": ["V字仇杀队"], "rating_num": ["8.9"], "comment_num": ["771957人评价"], "info": ["导演: 詹姆斯·麦克特格 James McTeigue   主演: 娜塔莉·波特曼 Natalie Por..."], "motto": ["一张面具背后的理想与革命。"], "pic_url": ["https://img3.doubanio.com/view/photo/s_ratio_poster/public/p1465235231.jpg"]}
{"rank": ["66"], "title": ["让子弹飞"], "rating_num": ["8.8"], "comment_num": ["1176875人评价"], "info": ["导演: 姜文 Wen Jiang   主演: 姜文 Wen Jiang / 葛优 You Ge / 周润发 Yun-F..."], "motto": ["你给我翻译翻译，神马叫做TMD的惊喜。"], "pic_url": ["https://img1.doubanio.com/view/photo/s_ratio_poster/public/p1512562287.jpg"]}
{"rank": ["67"], "title": ["看不见的客人"], "rating_num": ["8.8"], "comment_num": ["855516人评价"], "info": ["导演: 奥里奥尔·保罗 Oriol Paulo   主演: 马里奥·卡萨斯 Mario Casas / 阿..."], "motto": ["你以为你以为的就是你以为的。"], "pic_url": ["https://img9.doubanio.com/view/photo/s_ratio_poster/public/p2498971355.jpg"]}
{"rank": ["68"], "title": ["绿皮书"], "rating_num": ["8.9"], "comment_num": ["1112547人评价"], "info": ["导演: 彼得·法雷里 Peter Farrelly   主演: 维果·莫腾森 Viggo Mortensen /..."], "motto": ["去除成见，需要勇气。"], "pic_url": ["https://img3.doubanio.com/view/photo/s_ratio_poster/public/p2549177902.jpg"]}
{"rank": ["69"], "title": ["西西里的美丽传说"], "rating_num": ["8.9"], "comment_num": ["711987人评价"], "info": ["导演: 朱塞佩·托纳多雷 Giuseppe Tornatore   主演: 莫妮卡·贝鲁奇 Monica ..."], "motto": ["美丽无罪。"], "pic_url": ["https://img9.doubanio.com/view/photo/s_ratio_poster/public/p2448029416.jpg"]}
{"rank": ["70"], "title": ["小鞋子"], "rating_num": ["9.2"], "comment_num": ["292571人评价"], "info": ["导演: 马基德·马基迪 Majid Majidi   主演: 法拉赫阿米尔·哈什米安 Amir Fa..."], "motto": ["奔跑的孩子是天使。"], "pic_url": ["https://img9.doubanio.com/view/photo/s_ratio_poster/public/p2173580536.jpg"]}
{"rank": ["71"], "title": ["拯救大兵瑞恩"], "rating_num": ["9.0"], "comment_num": ["467875人评价"], "info": ["导演: 史蒂文·斯皮尔伯格 Steven Spielberg   主演: 汤姆·汉克斯 Tom Hanks..."], "motto": ["美利坚精神输出大片No1."], "pic_url": ["https://img9.doubanio.com/view/photo/s_ratio_poster/public/p1014542496.jpg"]}
{"rank": ["72"], "title": ["海豚湾"], "rating_num": ["9.3"], "comment_num": ["289131人评价"], "info": ["导演: 路易·西霍尤斯 Louie Psihoyos   主演: Richard O'Barry / 路易·西霍..."], "motto": ["海豚的微笑，是世界上最高明的伪装。"], "pic_url": ["https://img1.doubanio.com/view/photo/s_ratio_poster/public/p2559579779.jpg"]}
{"rank": ["73"], "title": ["海蒂和爷爷"], "rating_num": ["9.2"], "comment_num": ["289972人评价"], "info": ["导演: 阿兰·葛斯彭纳 Alain Gsponer   主演: 阿努克·斯特芬 Anuk Steffen /..."], "motto": ["如果生活中有什么使你感到快乐，那就去做吧！不要管别人说什么。"], "pic_url": ["https://img9.doubanio.com/view/photo/s_ratio_poster/public/p2554525534.jpg"]}
{"rank": ["74"], "title": ["情书"], "rating_num": ["8.9"], "comment_num": ["662019人评价"], "info": ["导演: 岩井俊二 Shunji Iwai   主演: 中山美穗 Miho Nakayama / 丰川悦司 Ets..."], "motto": ["暗恋的极致。"], "pic_url": ["https://img1.doubanio.com/view/photo/s_ratio_poster/public/p449897379.jpg"]}
{"rank": ["75"], "title": ["穿条纹睡衣的男孩"], "rating_num": ["9.1"], "comment_num": ["362640人评价"], "info": ["导演: 马克·赫尔曼 Mark Herman   主演: 阿萨·巴特菲尔德 Asa Butterfield ..."], "motto": ["尽管有些不切实际的幻想，这部电影依旧是一部感人肺腑的佳作。"], "pic_url": ["https://img3.doubanio.com/view/photo/s_ratio_poster/public/p1473670352.jpg"]}
{"rank": ["76"], "title": ["音乐之声"], "rating_num": ["9.0"], "comment_num": ["435931人评价"], "info": ["导演: 罗伯特·怀斯 Robert Wise   主演: 朱莉·安德鲁斯 Julie Andrews / 克..."], "motto": ["用音乐化解仇恨，让歌声串起美好。"], "pic_url": ["https://img1.doubanio.com/view/photo/s_ratio_poster/public/p453788577.jpg"]}
{"rank": ["77"], "title": ["美国往事"], "rating_num": ["9.2"], "comment_num": ["306271人评价"], "info": ["导演: 赛尔乔·莱翁内 Sergio Leone   主演: 罗伯特·德尼罗 Robert De Niro ..."], "motto": ["往事如烟，无处祭奠。"], "pic_url": ["https://img1.doubanio.com/view/photo/s_ratio_poster/public/p477229647.jpg"]}
{"rank": ["78"], "title": ["致命魔术"], "rating_num": ["8.9"], "comment_num": ["619507人评价"], "info": ["导演: 克里斯托弗·诺兰 Christopher Nolan   主演: 休·杰克曼 Hugh Jackman..."], "motto": ["孪生蝙蝠侠大战克隆金刚狼。"], "pic_url": ["https://img9.doubanio.com/view/photo/s_ratio_poster/public/p480383375.jpg"]}
{"rank": ["79"], "title": ["低俗小说"], "rating_num": ["8.8"], "comment_num": ["609701人评价"], "info": ["导演: 昆汀·塔伦蒂诺 Quentin Tarantino   主演: 约翰·特拉沃尔塔 John Tra..."], "motto": ["故事的高级讲法。"], "pic_url": ["https://img3.doubanio.com/view/photo/s_ratio_poster/public/p1910902213.jpg"]}
{"rank": ["80"], "title": ["七宗罪"], "rating_num": ["8.8"], "comment_num": ["714522人评价"], "info": ["导演: 大卫·芬奇 David Fincher   主演: 摩根·弗里曼 Morgan Freeman / 布..."], "motto": ["警察抓小偷，老鼠玩死猫。"], "pic_url": ["https://img9.doubanio.com/view/photo/s_ratio_poster/public/p2219586434.jpg"]}
{"rank": ["81"], "title": ["沉默的羔羊"], "rating_num": ["8.8"], "comment_num": ["615751人评价"], "info": ["导演: 乔纳森·戴米 Jonathan Demme   主演: 朱迪·福斯特 Jodie Foster / 安..."], "motto": ["安东尼·霍普金斯的顶级表演。"], "pic_url": ["https://img1.doubanio.com/view/photo/s_ratio_poster/public/p1593414327.jpg"]}
{"rank": ["82"], "title": ["蝴蝶效应"], "rating_num": ["8.8"], "comment_num": ["679968人评价"], "info": ["导演: 埃里克·布雷斯 Eric Bress / J·麦基·格鲁伯 J. Mackye Gruber   主..."], "motto": ["人的命运被自己瞬间的抉择改变。"], "pic_url": ["https://img1.doubanio.com/view/photo/s_ratio_poster/public/p2209066019.jpg"]}
{"rank": ["83"], "title": ["禁闭岛"], "rating_num": ["8.8"], "comment_num": ["684100人评价"], "info": ["导演: Martin Scorsese   主演: 莱昂纳多·迪卡普里奥 Leonardo DiCaprio / ..."], "motto": ["昔日翩翩少年，今日大腹便便。"], "pic_url": ["https://img1.doubanio.com/view/photo/s_ratio_poster/public/p1832875827.jpg"]}
{"rank": ["84"], "title": ["心灵捕手"], "rating_num": ["8.9"], "comment_num": ["511456人评价"], "info": ["导演: 格斯·范·桑特 Gus Van Sant   主演: 马特·达蒙 Matt Damon / 罗宾·..."], "motto": ["人生中应该拥有这样的一段豁然开朗。"], "pic_url": ["https://img9.doubanio.com/view/photo/s_ratio_poster/public/p480965695.jpg"]}
{"rank": ["85"], "title": ["春光乍泄"], "rating_num": ["8.9"], "comment_num": ["459269人评价"], "info": ["导演: 王家卫 Kar Wai Wong   主演: 张国荣 Leslie Cheung / 梁朝伟 Tony Leu..."], "motto": ["爱情纠缠，男女一致。"], "pic_url": ["https://img3.doubanio.com/view/photo/s_ratio_poster/public/p465939041.jpg"]}
{"rank": ["86"], "title": ["布达佩斯大饭店"], "rating_num": ["8.8"], "comment_num": ["645301人评价"], "info": ["导演: 韦斯·安德森 Wes Anderson   主演: 拉尔夫·费因斯 Ralph Fiennes / ..."], "motto": ["小清新的故事里注入了大历史的情怀。"], "pic_url": ["https://img3.doubanio.com/view/photo/s_ratio_poster/public/p2178872593.jpg"]}
{"rank": ["87"], "title": ["被嫌弃的松子的一生"], "rating_num": ["8.9"], "comment_num": ["547297人评价"], "info": ["导演: 中岛哲也 Tetsuya Nakashima   主演: 中谷美纪 Miki Nakatani / 瑛太 E..."], "motto": ["以戏谑来戏谑戏谑。"], "pic_url": ["https://img9.doubanio.com/view/photo/s_ratio_poster/public/p884763596.jpg"]}
{"rank": ["88"], "title": ["阿凡达"], "rating_num": ["8.7"], "comment_num": ["970066人评价"], "info": ["导演: 詹姆斯·卡梅隆 James Cameron   主演: 萨姆·沃辛顿 Sam Worthington ..."], "motto": ["绝对意义上的美轮美奂。"], "pic_url": ["https://img1.doubanio.com/view/photo/s_ratio_poster/public/p2180085848.jpg"]}
{"rank": ["89"], "title": ["摩登时代"], "rating_num": ["9.3"], "comment_num": ["203797人评价"], "info": ["导演: 查理·卓别林 Charles Chaplin   主演: 查理·卓别林 Charles Chaplin ..."], "motto": ["大时代中的人生，小人物的悲喜。"], "pic_url": ["https://img1.doubanio.com/view/photo/s_ratio_poster/public/p2263408369.jpg"]}
{"rank": ["90"], "title": ["剪刀手爱德华"], "rating_num": ["8.7"], "comment_num": ["819653人评价"], "info": ["导演: 蒂姆·波顿 Tim Burton   主演: 约翰尼·德普 Johnny Depp / 薇诺娜·..."], "motto": ["浪漫忧郁的成人童话。"], "pic_url": ["https://img1.doubanio.com/view/photo/s_ratio_poster/public/p480956937.jpg"]}
{"rank": ["91"], "title": ["勇敢的心"], "rating_num": ["8.9"], "comment_num": ["450790人评价"], "info": ["导演: 梅尔·吉布森 Mel Gibson   主演: 梅尔·吉布森 Mel Gibson / 苏菲·玛..."], "motto": ["史诗大片的典范。"], "pic_url": ["https://img9.doubanio.com/view/photo/s_ratio_poster/public/p2218094815.jpg"]}
{"rank": ["92"], "title": ["喜剧之王"], "rating_num": ["8.7"], "comment_num": ["686239人评价"], "info": ["导演: 周星驰 Stephen Chow / 李力持 Lik-Chi Lee   主演: 周星驰 Stephen Ch..."], "motto": ["我是一个演员。"], "pic_url": ["https://img1.doubanio.com/view/photo/s_ratio_poster/public/p2579932167.jpg"]}
{"rank": ["93"], "title": ["天使爱美丽"], "rating_num": ["8.7"], "comment_num": ["781543人评价"], "info": ["导演: 让-皮埃尔·热内 Jean-Pierre Jeunet   主演: 奥黛丽·塔图 Audrey Tau..."], "motto": ["法式小清新。 "], "pic_url": ["https://img3.doubanio.com/view/photo/s_ratio_poster/public/p2447590313.jpg"]}
{"rank": ["94"], "title": ["致命ID"], "rating_num": ["8.8"], "comment_num": ["576343人评价"], "info": ["导演: 詹姆斯·曼高德 James Mangold   主演: 约翰·库萨克 John Cusack / 雷..."], "motto": ["最不可能的那个人永远是最可能的。"], "pic_url": ["https://img9.doubanio.com/view/photo/s_ratio_poster/public/p2558364386.jpg"]}
{"rank": ["95"], "title": ["加勒比海盗"], "rating_num": ["8.8"], "comment_num": ["645377人评价"], "info": ["导演: 戈尔·维宾斯基 Gore Verbinski   主演: 约翰尼·德普 Johnny Depp / ..."], "motto": ["约翰尼·德普的独角戏。"], "pic_url": ["https://img9.doubanio.com/view/photo/s_ratio_poster/public/p1596085504.jpg"]}
{"rank": ["96"], "title": ["哈利·波特与死亡圣器(下)"], "rating_num": ["8.8"], "comment_num": ["547105人评价"], "info": ["导演: 大卫·叶茨 David Yates   主演: 丹尼尔·雷德克里夫 Daniel Radcliffe..."], "motto": ["10年的完美句点。"], "pic_url": ["https://img3.doubanio.com/view/photo/s_ratio_poster/public/p917846733.jpg"]}
{"rank": ["97"], "title": ["断背山"], "rating_num": ["8.8"], "comment_num": ["544572人评价"], "info": ["导演: 李安 Ang Lee   主演: 希斯·莱杰 Heath Ledger / 杰克·吉伦哈尔 Jake..."], "motto": ["每个人心中都有一座断背山。"], "pic_url": ["https://img1.doubanio.com/view/photo/s_ratio_poster/public/p2514704949.jpg"]}
{"rank": ["98"], "title": ["杀人回忆"], "rating_num": ["8.8"], "comment_num": ["478919人评价"], "info": ["导演: 奉俊昊 Joon-ho Bong   主演: 宋康昊 Kang-ho Song / 金相庆 Sang-kyun..."], "motto": ["关于连环杀人悬案的集体回忆。"], "pic_url": ["https://img3.doubanio.com/view/photo/s_ratio_poster/public/p657823840.jpg"]}
{"rank": ["99"], "title": ["狩猎"], "rating_num": ["9.1"], "comment_num": ["260509人评价"], "info": ["导演: 托马斯·温特伯格 Thomas Vinterberg   主演: 麦斯·米科尔森 Mads Mik..."], "motto": ["人言可畏。"], "pic_url": ["https://img1.doubanio.com/view/photo/s_ratio_poster/public/p1546987967.jpg"]}
{"rank": ["100"], "title": ["请以你的名字呼唤我"], "rating_num": ["8.9"], "comment_num": ["466412人评价"], "info": ["导演: 卢卡·瓜达尼诺 Luca Guadagnino   主演: 艾米·汉莫 Armie Hammer / ..."], "motto": ["沉醉在电影的情感和视听氛围中无法自拔。"], "pic_url": ["https://img3.doubanio.com/view/photo/s_ratio_poster/public/p2505525050.jpg"]}
{"rank": ["101"], "title": ["幽灵公主"], "rating_num": ["8.9"], "comment_num": ["400424人评价"], "info": ["导演: 宫崎骏 Hayao Miyazaki   主演: 松田洋治 Yôji Matsuda / 石田百合..."], "motto": ["人与自然的战争史诗。"], "pic_url": ["https://img9.doubanio.com/view/photo/s_ratio_poster/public/p1613191025.jpg"]}
{"rank": ["102"], "title": ["阳光灿烂的日子"], "rating_num": ["8.8"], "comment_num": ["461581人评价"], "info": ["导演: 姜文 Wen Jiang   主演: 夏雨 Yu Xia / 宁静 Jing Ning / 陶虹 Hong Tao"], "motto": ["一场华丽的意淫。"], "pic_url": ["https://img9.doubanio.com/view/photo/s_ratio_poster/public/p2564685215.jpg"]}
{"rank": ["103"], "title": ["小森林 夏秋篇"], "rating_num": ["9.0"], "comment_num": ["306653人评价"], "info": ["导演: 森淳一 Junichi Mori   主演: 桥本爱 Ai Hashimoto / 三浦贵大 Takahir..."], "motto": ["那些静得只能听见呼吸的日子里，你明白孤独即生活。"], "pic_url": ["https://img3.doubanio.com/view/photo/s_ratio_poster/public/p2564498893.jpg"]}
{"rank": ["104"], "title": ["7号房的礼物"], "rating_num": ["8.9"], "comment_num": ["379363人评价"], "info": ["导演: 李焕庆 Hwan-kyeong Lee   主演: 柳承龙 Seung-yong Ryoo / 朴信惠 Shi..."], "motto": ["《我是山姆》的《美丽人生》。"], "pic_url": ["https://img9.doubanio.com/view/photo/s_ratio_poster/public/p1816276065.jpg"]}
{"rank": ["105"], "title": ["重庆森林"], "rating_num": ["8.7"], "comment_num": ["582101人评价"], "info": ["导演: 王家卫 Kar Wai Wong   主演: 林青霞 Brigitte Lin / 金城武 Takeshi K..."], "motto": ["寂寞没有期限。"], "pic_url": ["https://img3.doubanio.com/view/photo/s_ratio_poster/public/p792381411.jpg"]}
{"rank": ["106"], "title": ["第六感"], "rating_num": ["8.9"], "comment_num": ["397595人评价"], "info": ["导演: M·奈特·沙马兰 M. Night Shyamalan   主演: 布鲁斯·威利斯 Bruce Wi..."], "motto": ["深入内心的恐怖，出人意料的结局。"], "pic_url": ["https://img9.doubanio.com/view/photo/s_ratio_poster/public/p2220184425.jpg"]}
{"rank": ["107"], "title": ["入殓师"], "rating_num": ["8.8"], "comment_num": ["453955人评价"], "info": ["导演: 泷田洋二郎 Yôjirô Takita   主演: 本木雅弘 Masahiro Motoki / ..."], "motto": ["死可能是一道门，逝去并不是终结，而是超越，走向下一程。"], "pic_url": ["https://img1.doubanio.com/view/photo/s_ratio_poster/public/p1583839859.jpg"]}
{"rank": ["108"], "title": ["红辣椒"], "rating_num": ["9.0"], "comment_num": ["284939人评价"], "info": ["导演: 今敏 Satoshi Kon   主演: 林原惠美 Megumi Hayashibara / 江守彻 Toru..."], "motto": ["梦的勾结。"], "pic_url": ["https://img3.doubanio.com/view/photo/s_ratio_poster/public/p456825720.jpg"]}
{"rank": ["109"], "title": ["小森林 冬春篇"], "rating_num": ["9.0"], "comment_num": ["270927人评价"], "info": ["导演: 森淳一 Junichi Mori   主演: 桥本爱 Ai Hashimoto / 三浦贵大 Takahir..."], "motto": ["尊敬他人，尊敬你生活的这片土地，明白孤独是人生的常态。"], "pic_url": ["https://img3.doubanio.com/view/photo/s_ratio_poster/public/p2258078370.jpg"]}
{"rank": ["110"], "title": ["消失的爱人"], "rating_num": ["8.7"], "comment_num": ["654347人评价"], "info": ["导演: 大卫·芬奇 David Fincher   主演: 本·阿弗莱克 Ben Affleck / 罗莎蒙..."], "motto": ["年度最佳date movie。"], "pic_url": ["https://img9.doubanio.com/view/photo/s_ratio_poster/public/p2221768894.jpg"]}
{"rank": ["111"], "title": ["爱在黎明破晓前"], "rating_num": ["8.8"], "comment_num": ["435352人评价"], "info": ["导演: 理查德·林克莱特 Richard Linklater   主演: 伊桑·霍克 Ethan Hawke ..."], "motto": ["缘分是个连绵词，最美不过一瞬。"], "pic_url": ["https://img9.doubanio.com/view/photo/s_ratio_poster/public/p2555762374.jpg"]}
{"rank": ["112"], "title": ["一一"], "rating_num": ["9.0"], "comment_num": ["258699人评价"], "info": ["导演: 杨德昌 Edward Yang   主演: 吴念真 / 李凯莉 Kelly Lee / 金燕玲 Elai..."], "motto": ["我们都曾经是一一。"], "pic_url": ["https://img3.doubanio.com/view/photo/s_ratio_poster/public/p2567845803.jpg"]}
{"rank": ["113"], "title": ["侧耳倾听"], "rating_num": ["8.9"], "comment_num": ["334970人评价"], "info": ["导演: 近藤喜文 Yoshifumi Kondo   主演: 本名阳子 Youko Honna / 小林桂树 K..."], "motto": ["少女情怀总是诗。"], "pic_url": ["https://img3.doubanio.com/view/photo/s_ratio_poster/public/p456692072.jpg"]}
{"rank": ["114"], "title": ["唐伯虎点秋香"], "rating_num": ["8.6"], "comment_num": ["744980人评价"], "info": ["导演: 李力持 Lik-Chi Lee   主演: 周星驰 Stephen Chow / 巩俐 Li Gong / 陈..."], "motto": ["华太师是黄霑，吴镇宇四大才子之一。"], "pic_url": ["https://img9.doubanio.com/view/photo/s_ratio_poster/public/p2357915564.jpg"]}
{"rank": ["115"], "title": ["超脱"], "rating_num": ["8.9"], "comment_num": ["340224人评价"], "info": ["导演: 托尼·凯耶 Tony Kaye   主演: 艾德里安·布洛迪 Adrien Brody / 马西..."], "motto": ["穷尽一生，我们要学会的，不过是彼此拥抱。"], "pic_url": ["https://img3.doubanio.com/view/photo/s_ratio_poster/public/p1305562621.jpg"]}
{"rank": ["116"], "title": ["倩女幽魂"], "rating_num": ["8.7"], "comment_num": ["527360人评价"], "info": ["导演: 程小东 Siu-Tung Ching   主演: 张国荣 Leslie Cheung / 王祖贤 Joey W..."], "motto": ["两张绝世的脸。 "], "pic_url": ["https://img9.doubanio.com/view/photo/s_ratio_poster/public/p2414157745.jpg"]}
{"rank": ["117"], "title": ["蝙蝠侠：黑暗骑士崛起"], "rating_num": ["8.8"], "comment_num": ["519814人评价"], "info": ["导演: 克里斯托弗·诺兰 Christopher Nolan   主演: 克里斯蒂安·贝尔 Christ..."], "motto": ["诺兰就是保证。"], "pic_url": ["https://img9.doubanio.com/view/photo/s_ratio_poster/public/p1706428744.jpg"]}
{"rank": ["118"], "title": ["玛丽和马克思"], "rating_num": ["8.9"], "comment_num": ["336871人评价"], "info": ["导演: 亚当·艾略特 Adam Elliot   主演: 托妮·科莱特 Toni Collette / 菲利..."], "motto": ["你是我最好的朋友，你是我唯一的朋友 。"], "pic_url": ["https://img9.doubanio.com/view/photo/s_ratio_poster/public/p2162822165.jpg"]}
{"rank": ["119"], "title": ["告白"], "rating_num": ["8.7"], "comment_num": ["543470人评价"], "info": ["导演: 中岛哲也 Tetsuya Nakashima   主演: 松隆子 Takako Matsu / 冈田将生 ..."], "motto": ["没有一人完全善，也没有一人完全恶。"], "pic_url": ["https://img9.doubanio.com/view/photo/s_ratio_poster/public/p689520756.jpg"]}
{"rank": ["120"], "title": ["甜蜜蜜"], "rating_num": ["8.8"], "comment_num": ["380169人评价"], "info": ["导演: 陈可辛 Peter Chan   主演: 黎明 Leon Lai / 张曼玉 Maggie Cheung / ..."], "motto": ["相逢只要一瞬间，等待却像是一辈子。"], "pic_url": ["https://img9.doubanio.com/view/photo/s_ratio_poster/public/p2223011274.jpg"]}
{"rank": ["121"], "title": ["无人知晓"], "rating_num": ["9.1"], "comment_num": ["200649人评价"], "info": ["导演: 是枝裕和 Hirokazu Koreeda   主演: 柳乐优弥 Yûya Yagira / 北浦爱..."], "motto": ["我的平常生活就是他人的幸福。"], "pic_url": ["https://img3.doubanio.com/view/photo/s_ratio_poster/public/p661160053.jpg"]}
{"rank": ["122"], "title": ["大鱼"], "rating_num": ["8.8"], "comment_num": ["428548人评价"], "info": ["导演: 蒂姆·波顿 Tim Burton   主演: 伊万·麦克格雷格 Ewan McGregor / 阿..."], "motto": ["抱着梦想而活着的人是幸福的，怀抱梦想而死去的人是不朽的。"], "pic_url": ["https://img9.doubanio.com/view/photo/s_ratio_poster/public/p692813374.jpg"]}
{"rank": ["123"], "title": ["阳光姐妹淘"], "rating_num": ["8.8"], "comment_num": ["464062人评价"], "info": ["导演: 姜炯哲 Hyeong-Cheol Kang   主演: 沈恩京 Eun-kyung Shim / 闵孝琳 Hy..."], "motto": ["再多各自牛逼的时光，也比不上一起傻逼的岁月。 "], "pic_url": ["https://img1.doubanio.com/view/photo/s_ratio_poster/public/p1374786017.jpg"]}
{"rank": ["124"], "title": ["萤火之森"], "rating_num": ["8.9"], "comment_num": ["362996人评价"], "info": ["导演: 大森贵弘 Takahiro Omori   主演: 佐仓绫音 Ayane Sakura / 内山昂辉 K..."], "motto": ["触不到的恋人。"], "pic_url": ["https://img3.doubanio.com/view/photo/s_ratio_poster/public/p1675053073.jpg"]}
{"rank": ["125"], "title": ["超能陆战队"], "rating_num": ["8.7"], "comment_num": ["722490人评价"], "info": ["导演: 唐·霍尔 Don Hall / 克里斯·威廉姆斯 Chris Williams   主演: 斯科特..."], "motto": ["Balalala~~~"], "pic_url": ["https://img3.doubanio.com/view/photo/s_ratio_poster/public/p2614500883.jpg"]}
{"rank": ["126"], "title": ["驯龙高手"], "rating_num": ["8.7"], "comment_num": ["557349人评价"], "info": ["导演: 迪恩·德布洛斯 Dean DeBlois / 克里斯·桑德斯 Chris Sanders   主演:..."], "motto": ["和谐的生活离不开摸头与被摸头。"], "pic_url": ["https://img9.doubanio.com/view/photo/s_ratio_poster/public/p2210954024.jpg"]}
{"rank": ["127"], "title": ["射雕英雄传之东成西就"], "rating_num": ["8.7"], "comment_num": ["477308人评价"], "info": ["导演: 刘镇伟 Jeffrey Lau   主演: 梁朝伟 Tony Leung Chiu Wai / 林青霞 Bri..."], "motto": ["百看不厌。 "], "pic_url": ["https://img9.doubanio.com/view/photo/s_ratio_poster/public/p2609063925.jpg"]}
{"rank": ["128"], "title": ["借东西的小人阿莉埃蒂"], "rating_num": ["8.8"], "comment_num": ["395171人评价"], "info": ["导演: 米林宏昌 Hiromasa Yonebayashi   主演: 志田未来 Mirai Shida / 神木..."], "motto": ["曾经的那段美好会沉淀为一辈子的记忆。"], "pic_url": ["https://img9.doubanio.com/view/photo/s_ratio_poster/public/p617533616.jpg"]}
{"rank": ["129"], "title": ["幸福终点站"], "rating_num": ["8.8"], "comment_num": ["395911人评价"], "info": ["导演: 史蒂文·斯皮尔伯格 Steven Spielberg   主演: 汤姆·汉克斯 Tom Hanks..."], "motto": ["有时候幸福需要等一等。 "], "pic_url": ["https://img1.doubanio.com/view/photo/s_ratio_poster/public/p854757687.jpg"]}
{"rank": ["130"], "title": ["菊次郎的夏天"], "rating_num": ["8.8"], "comment_num": ["375526人评价"], "info": ["导演: 北野武 Takeshi Kitano   主演: 北野武 Takeshi Kitano / 关口雄介 Yus..."], "motto": ["从没见过那么流氓的温柔，从没见过那么温柔的流氓。"], "pic_url": ["https://img9.doubanio.com/view/photo/s_ratio_poster/public/p751835224.jpg"]}
{"rank": ["131"], "title": ["爱在日落黄昏时"], "rating_num": ["8.8"], "comment_num": ["368311人评价"], "info": ["导演: 理查德·林克莱特 Richard Linklater   主演: 伊桑·霍克 Ethan Hawke ..."], "motto": ["九年后的重逢是世俗和责任的交叠，没了悸动和青涩，沧桑而温暖。"], "pic_url": ["https://img1.doubanio.com/view/photo/s_ratio_poster/public/p2561542458.jpg"]}
{"rank": ["132"], "title": ["恐怖直播"], "rating_num": ["8.8"], "comment_num": ["461251人评价"], "info": ["导演: 金秉祐 Byeong-woo Kim   主演: 河正宇 Jung-woo Ha / 李璟荣 Kyeong-y..."], "motto": ["恐怖分子的“秋菊打官司”。"], "pic_url": ["https://img9.doubanio.com/view/photo/s_ratio_poster/public/p2016930906.jpg"]}
{"rank": ["133"], "title": ["完美的世界"], "rating_num": ["9.1"], "comment_num": ["187891人评价"], "info": ["导演: 克林特·伊斯特伍德 Clint Eastwood   主演: 凯文·科斯特纳 Kevin Cos..."], "motto": ["坏人的好总是比好人的好来得更感人。"], "pic_url": ["https://img1.doubanio.com/view/photo/s_ratio_poster/public/p2190556408.jpg"]}
{"rank": ["134"], "title": ["功夫"], "rating_num": ["8.6"], "comment_num": ["695847人评价"], "info": ["导演: 周星驰 Stephen Chow   主演: 周星驰 Stephen Chow / 元秋 Qiu Yuen / ..."], "motto": ["警恶惩奸，维护世界和平这个任务就交给你了，好吗？"], "pic_url": ["https://img1.doubanio.com/view/photo/s_ratio_poster/public/p2219011938.jpg"]}
{"rank": ["135"], "title": ["人生果实"], "rating_num": ["9.5"], "comment_num": ["101561人评价"], "info": ["导演: 伏原健之 Kenshi Fushihara   主演: 津端修一 Shûichi Tsubata / 津..."], "motto": ["土壤没有落叶不会肥沃，没有了你就不算人生。"], "pic_url": ["https://img3.doubanio.com/view/photo/s_ratio_poster/public/p2544912792.jpg"]}
{"rank": ["136"], "title": ["神偷奶爸"], "rating_num": ["8.6"], "comment_num": ["718287人评价"], "info": ["导演: 皮艾尔·柯芬 Pierre Coffin / 克里斯·雷纳德 Chris Renaud   主演: ..."], "motto": ["Mr. I Don't Care其实也有Care的时候。"], "pic_url": ["https://img1.doubanio.com/view/photo/s_ratio_poster/public/p792776858.jpg"]}
{"rank": ["137"], "title": ["怪兽电力公司"], "rating_num": ["8.7"], "comment_num": ["470916人评价"], "info": ["导演: 彼特·道格特 Pete Docter / 大卫·斯沃曼 David Silverman   主演: 约..."], "motto": ["不要给它起名字，起了名字就有感情了。"], "pic_url": ["https://img1.doubanio.com/view/photo/s_ratio_poster/public/p2513247938.jpg"]}
{"rank": ["138"], "title": ["玩具总动员3"], "rating_num": ["8.8"], "comment_num": ["364982人评价"], "info": ["导演: 李·昂克里奇 Lee Unkrich   主演: 汤姆·汉克斯 Tom Hanks / 蒂姆·艾..."], "motto": ["跨度十五年的欢乐与泪水。"], "pic_url": ["https://img1.doubanio.com/view/photo/s_ratio_poster/public/p1283675359.jpg"]}
{"rank": ["139"], "title": ["傲慢与偏见"], "rating_num": ["8.6"], "comment_num": ["559366人评价"], "info": ["导演: 乔·怀特 Joe Wright   主演: 凯拉·奈特莉 Keira Knightley / 马修·..."], "motto": ["爱是摈弃傲慢与偏见之后的曙光。"], "pic_url": ["https://img1.doubanio.com/view/photo/s_ratio_poster/public/p2016401659.jpg"]}
{"rank": ["140"], "title": ["血战钢锯岭"], "rating_num": ["8.7"], "comment_num": ["587708人评价"], "info": ["导演: 梅尔·吉布森 Mel Gibson   主演: 安德鲁·加菲尔德 Andrew Garfield /..."], "motto": ["优秀的战争片不会美化战场，不会粉饰死亡，不会矮化敌人，不会无视常识，最重要的，不会宣扬战争。"], "pic_url": ["https://img1.doubanio.com/view/photo/s_ratio_poster/public/p2398141939.jpg"]}
{"rank": ["141"], "title": ["天书奇谭"], "rating_num": ["9.2"], "comment_num": ["153096人评价"], "info": ["导演: 王树忱 Shuchen Wang / 钱运达 Yunda Qian   主演: 丁建华 Jianhua Din..."], "motto": ["传奇的年代，醉人的童话。"], "pic_url": ["https://img1.doubanio.com/view/photo/s_ratio_poster/public/p2515539487.jpg"]}
{"rank": ["142"], "title": ["风之谷"], "rating_num": ["8.9"], "comment_num": ["284834人评价"], "info": ["导演: 宫崎骏 Hayao Miyazaki   主演: 岛本须美 Sumi Shimamoto / 松田洋治 Y..."], "motto": ["动画片的圣经。"], "pic_url": ["https://img3.doubanio.com/view/photo/s_ratio_poster/public/p1917567652.jpg"]}
{"rank": ["143"], "title": ["教父3"], "rating_num": ["8.9"], "comment_num": ["252463人评价"], "info": ["导演: 弗朗西斯·福特·科波拉 Francis Ford Coppola   主演: 阿尔·帕西诺 A..."], "motto": ["任何信念的力量，都无法改变命运。"], "pic_url": ["https://img3.doubanio.com/view/photo/s_ratio_poster/public/p2169664351.jpg"]}
{"rank": ["144"], "title": ["时空恋旅人"], "rating_num": ["8.7"], "comment_num": ["402879人评价"], "info": ["导演: 理查德·柯蒂斯 Richard Curtis   主演: 多姆纳尔·格里森 Domhnall Gl..."], "motto": ["把每天当作最后一天般珍惜度过，积极拥抱生活，就是幸福。"], "pic_url": ["https://img9.doubanio.com/view/photo/s_ratio_poster/public/p2070153774.jpg"]}
{"rank": ["145"], "title": ["上帝之城"], "rating_num": ["8.9"], "comment_num": ["233627人评价"], "info": ["导演: 费尔南多·梅里尔斯 Fernando Meirelles / 卡迪亚·兰德 Kátia Lund  &nbsp..."], "motto": ["被上帝抛弃了的上帝之城。"], "pic_url": ["https://img3.doubanio.com/view/photo/s_ratio_poster/public/p455677490.jpg"]}
{"rank": ["146"], "title": ["电锯惊魂"], "rating_num": ["8.7"], "comment_num": ["366152人评价"], "info": ["导演: 詹姆斯·温 James Wan   主演: 雷·沃纳尔 Leigh Whannell / 加利·艾..."], "motto": ["真相就在眼前。"], "pic_url": ["https://img1.doubanio.com/view/photo/s_ratio_poster/public/p1421159978.jpg"]}
{"rank": ["147"], "title": ["被解救的姜戈"], "rating_num": ["8.7"], "comment_num": ["445516人评价"], "info": ["导演: 昆汀·塔伦蒂诺 Quentin Tarantino   主演: 杰米·福克斯 Jamie Foxx /..."], "motto": ["热血沸腾，那个低俗、性感的无耻混蛋又来了。"], "pic_url": ["https://img1.doubanio.com/view/photo/s_ratio_poster/public/p1959232369.jpg"]}
{"rank": ["148"], "title": ["喜宴"], "rating_num": ["8.9"], "comment_num": ["244689人评价"], "info": ["导演: 李安 Ang Lee   主演: 赵文瑄 Winston Chao / 郎雄 Sihung Lung / 归亚..."], "motto": ["中国家庭的喜怒哀乐忍。"], "pic_url": ["https://img9.doubanio.com/view/photo/s_ratio_poster/public/p2173713676.jpg"]}
{"rank": ["149"], "title": ["哪吒闹海"], "rating_num": ["9.1"], "comment_num": ["179655人评价"], "info": ["导演: 严定宪 Dingxian Yan / 王树忱 Shuchen Wang   主演: 梁正晖 Zhenghui ..."], "motto": ["想你时你在闹海。"], "pic_url": ["https://img3.doubanio.com/view/photo/s_ratio_poster/public/p2516566783.jpg"]}
{"rank": ["150"], "title": ["釜山行"], "rating_num": ["8.5"], "comment_num": ["829827人评价"], "info": ["导演: 延尚昊 Sang-ho Yeon   主演: 孔侑 Yoo Gong / 郑有美 Yu-mi Jung / 马..."], "motto": ["揭露人性的丧尸题材力作。"], "pic_url": ["https://img1.doubanio.com/view/photo/s_ratio_poster/public/p2360940399.jpg"]}
{"rank": ["151"], "title": ["七武士"], "rating_num": ["9.2"], "comment_num": ["137221人评价"], "info": ["导演: 黑泽明 Akira Kurosawa   主演: 三船敏郎 Toshirô Mifune / 志村乔 ..."], "motto": ["时代悲歌。"], "pic_url": ["https://img9.doubanio.com/view/photo/s_ratio_poster/public/p2215886505.jpg"]}
{"rank": ["152"], "title": ["英雄本色"], "rating_num": ["8.7"], "comment_num": ["367723人评价"], "info": ["导演: 吴宇森 John Woo   主演: 周润发 Yun-Fat Chow / 狄龙 Lung Ti / 张国..."], "motto": ["英雄泪短，兄弟情长。 "], "pic_url": ["https://img1.doubanio.com/view/photo/s_ratio_poster/public/p2504997087.jpg"]}
{"rank": ["153"], "title": ["谍影重重3"], "rating_num": ["8.8"], "comment_num": ["313952人评价"], "info": ["导演: 保罗·格林格拉斯 Paul Greengrass   主演: 马特·达蒙 Matt Damon / ..."], "motto": ["像吃了苏打饼一样干脆的电影。"], "pic_url": ["https://img1.doubanio.com/view/photo/s_ratio_poster/public/p792223507.jpg"]}
{"rank": ["154"], "title": ["我是山姆"], "rating_num": ["8.9"], "comment_num": ["221107人评价"], "info": ["导演: 杰茜·尼尔森 Jessie Nelson   主演: Sean Penn / Dakota Fanning / Mi..."], "motto": ["爱并不需要智商 。"], "pic_url": ["https://img9.doubanio.com/view/photo/s_ratio_poster/public/p652417775.jpg"]}
{"rank": ["155"], "title": ["岁月神偷"], "rating_num": ["8.7"], "comment_num": ["465080人评价"], "info": ["导演: 罗启锐 Alex Law   主演: 吴君如 Sandra Ng / 任达华 Simon Yam / 钟绍..."], "motto": ["岁月流逝，来日可追。"], "pic_url": ["https://img9.doubanio.com/view/photo/s_ratio_poster/public/p659427316.jpg"]}
{"rank": ["156"], "title": ["哈利·波特与阿兹卡班的囚徒"], "rating_num": ["8.7"], "comment_num": ["408939人评价"], "info": ["导演: Alfonso Cuarón   主演: 丹尼尔·雷德克里夫 Daniel Radcliffe / Emma..."], "motto": ["不一样的导演，不一样的哈利·波特。"], "pic_url": ["https://img1.doubanio.com/view/photo/s_ratio_poster/public/p1910812549.jpg"]}
{"rank": ["157"], "title": ["头号玩家"], "rating_num": ["8.7"], "comment_num": ["1032556人评价"], "info": ["导演: 史蒂文·斯皮尔伯格 Steven Spielberg   主演: 泰伊·谢里丹 Tye Sheri..."], "motto": ["写给影迷，动漫迷和游戏迷的一封情书。"], "pic_url": ["https://img1.doubanio.com/view/photo/s_ratio_poster/public/p2516578307.jpg"]}
{"rank": ["158"], "title": ["纵横四海"], "rating_num": ["8.8"], "comment_num": ["296425人评价"], "info": ["导演: 吴宇森 John Woo   主演: 周润发 Yun-Fat Chow / 张国荣 Leslie Cheung..."], "motto": ["香港浪漫主义警匪动作片的巅峰之作。"], "pic_url": ["https://img1.doubanio.com/view/photo/s_ratio_poster/public/p2597918718.jpg"]}
{"rank": ["159"], "title": ["疯狂原始人"], "rating_num": ["8.7"], "comment_num": ["630526人评价"], "info": ["导演: 科克·德·米科 Kirk De Micco / 克里斯·桑德斯 Chris Sanders   主演..."], "motto": ["老少皆宜，这就是好莱坞动画的魅力。"], "pic_url": ["https://img1.doubanio.com/view/photo/s_ratio_poster/public/p1867084027.jpg"]}
{"rank": ["160"], "title": ["三块广告牌"], "rating_num": ["8.7"], "comment_num": ["615542人评价"], "info": ["导演: 马丁·麦克唐纳 Martin McDonagh   主演: 弗兰西斯·麦克多蒙德 France..."], "motto": ["怼天怼地，你走后，她与世界为敌。"], "pic_url": ["https://img1.doubanio.com/view/photo/s_ratio_poster/public/p2510081688.jpg"]}
{"rank": ["161"], "title": ["心迷宫"], "rating_num": ["8.7"], "comment_num": ["358778人评价"], "info": ["导演: 忻钰坤 Yukun Xin   主演: 霍卫民 Weimin Huo / 王笑天 Xiaotian Wang ..."], "motto": ["荒诞讽刺，千奇百巧，抽丝剥茧，百转千回。"], "pic_url": ["https://img9.doubanio.com/view/photo/s_ratio_poster/public/p2276780256.jpg"]}
{"rank": ["162"], "title": ["一个叫欧维的男人决定去死"], "rating_num": ["8.8"], "comment_num": ["279280人评价"], "info": ["导演: 汉内斯·赫尔姆 Hannes Holm   主演: 罗夫·拉斯加德 Rolf Lassgård..."], "motto": ["惠及一生的美丽。"], "pic_url": ["https://img3.doubanio.com/view/photo/s_ratio_poster/public/p2406624993.jpg"]}
{"rank": ["163"], "title": ["达拉斯买家俱乐部"], "rating_num": ["8.8"], "comment_num": ["329505人评价"], "info": ["导演: 让-马克·瓦雷 Jean-Marc Vallée   主演: 马修·麦康纳 Matthew McCon..."], "motto": ["Jared Leto的腿比女人还美！"], "pic_url": ["https://img1.doubanio.com/view/photo/s_ratio_poster/public/p2166160837.jpg"]}
{"rank": ["164"], "title": ["卢旺达饭店"], "rating_num": ["8.9"], "comment_num": ["216166人评价"], "info": ["导演: 特瑞·乔治 Terry George   主演: 唐·钱德尔 Don Cheadle / 苏菲·奥..."], "motto": ["当这个世界闭上双眼，他却敞开了怀抱。"], "pic_url": ["https://img3.doubanio.com/view/photo/s_ratio_poster/public/p470419493.jpg"]}
{"rank": ["165"], "title": ["萤火虫之墓"], "rating_num": ["8.7"], "comment_num": ["325436人评价"], "info": ["导演: 高畑勋 Isao Takahata   主演: 辰己努 / 白石绫乃 / 志乃原良子"], "motto": ["幸福是生生不息，却难以触及的远。 "], "pic_url": ["https://img1.doubanio.com/view/photo/s_ratio_poster/public/p1157334208.jpg"]}
{"rank": ["166"], "title": ["荒蛮故事"], "rating_num": ["8.8"], "comment_num": ["306146人评价"], "info": ["导演: 达米安·斯兹弗隆 Damián Szifron   主演: 达里奥·葛兰帝内提 Darío..."], "motto": ["始于荒诞，止于更荒诞。"], "pic_url": ["https://img3.doubanio.com/view/photo/s_ratio_poster/public/p2584519452.jpg"]}
{"rank": ["167"], "title": ["你的名字。"], "rating_num": ["8.4"], "comment_num": ["1007813人评价"], "info": ["导演: 新海诚 Makoto Shinkai   主演: 神木隆之介 Ryûnosuke Kamiki / 上..."], "motto": ["穿越错位的时空，仰望陨落的星辰，你没留下你的名字，我却无法忘记那句“我爱你”。"], "pic_url": ["https://img1.doubanio.com/view/photo/s_ratio_poster/public/p2395733377.jpg"]}
{"rank": ["168"], "title": ["真爱至上"], "rating_num": ["8.6"], "comment_num": ["531489人评价"], "info": ["导演: 理查德·柯蒂斯 Richard Curtis   主演: 休·格兰特 Hugh Grant / 柯林..."], "motto": ["爱，是个动词。"], "pic_url": ["https://img3.doubanio.com/view/photo/s_ratio_poster/public/p475600770.jpg"]}
{"rank": ["169"], "title": ["贫民窟的百万富翁"], "rating_num": ["8.6"], "comment_num": ["580119人评价"], "info": ["导演: 丹尼·鲍尔 Danny Boyle / 洛芙琳·坦丹 Loveleen Tandan   主演: 戴夫..."], "motto": ["上帝之城+猜火车+阿甘正传+开心辞典=山寨富翁"], "pic_url": ["https://img3.doubanio.com/view/photo/s_ratio_poster/public/p2434249040.jpg"]}
{"rank": ["170"], "title": ["花样年华"], "rating_num": ["8.7"], "comment_num": ["417089人评价"], "info": ["导演: 王家卫 Kar Wai Wong   主演: 梁朝伟 Tony Leung Chiu Wai / 张曼玉 Ma..."], "motto": ["偷情本没有这样美。"], "pic_url": ["https://img9.doubanio.com/view/photo/s_ratio_poster/public/p1910828286.jpg"]}
{"rank": ["171"], "title": ["记忆碎片"], "rating_num": ["8.6"], "comment_num": ["448352人评价"], "info": ["导演: 克里斯托弗·诺兰 Christopher Nolan   主演: 盖·皮尔斯 Guy Pearce /..."], "motto": ["一个针管引发的血案。"], "pic_url": ["https://img3.doubanio.com/view/photo/s_ratio_poster/public/p641688453.jpg"]}
{"rank": ["172"], "title": ["东邪西毒"], "rating_num": ["8.6"], "comment_num": ["442496人评价"], "info": ["导演: 王家卫 Kar Wai Wong   主演: 张国荣 Leslie Cheung / 林青霞 Brigitte..."], "motto": ["电影诗。"], "pic_url": ["https://img3.doubanio.com/view/photo/s_ratio_poster/public/p1982176012.jpg"]}
{"rank": ["173"], "title": ["爆裂鼓手"], "rating_num": ["8.7"], "comment_num": ["407016人评价"], "info": ["导演: 达米恩·查泽雷 Damien Chazelle   主演: 迈尔斯·特勒 Miles Teller /..."], "motto": ["这个世界从不善待努力的人，努力了也不一定会成功，但是知道自己在努力，就是活下去的动力。"], "pic_url": ["https://img3.doubanio.com/view/photo/s_ratio_poster/public/p2220776342.jpg"]}
{"rank": ["174"], "title": ["哈利·波特与密室"], "rating_num": ["8.6"], "comment_num": ["428115人评价"], "info": ["导演: Chris Columbus   主演: 丹尼尔·雷德克里夫 Daniel Radcliffe / 艾玛..."], "motto": ["魔法的密室之门已打开..."], "pic_url": ["https://img3.doubanio.com/view/photo/s_ratio_poster/public/p1082651990.jpg"]}
{"rank": ["175"], "title": ["黑天鹅"], "rating_num": ["8.6"], "comment_num": ["641497人评价"], "info": ["导演: 达伦·阿罗诺夫斯基 Darren Aronofsky   主演: 娜塔莉·波特曼 Natalie..."], "motto": ["黑暗之美。"], "pic_url": ["https://img9.doubanio.com/view/photo/s_ratio_poster/public/p2549648344.jpg"]}
{"rank": ["176"], "title": ["黑客帝国3：矩阵革命"], "rating_num": ["8.8"], "comment_num": ["305573人评价"], "info": ["导演: Andy Wachowski / Larry Wachowski   主演: 基努·里维斯 Keanu Reeves..."], "motto": ["不得不说，《黑客帝国》系列是商业片与科幻、哲学完美结合的典范。"], "pic_url": ["https://img1.doubanio.com/view/photo/s_ratio_poster/public/p2220873438.jpg"]}
{"rank": ["177"], "title": ["忠犬八公物语"], "rating_num": ["9.2"], "comment_num": ["135353人评价"], "info": ["导演: Seijirô Kôyama   主演: 山本圭 Kei Yamamoto / 井川比佐志 Hisa..."], "motto": ["养狗三日，便会对你终其一生。"], "pic_url": ["https://img3.doubanio.com/view/photo/s_ratio_poster/public/p1576418852.jpg"]}
{"rank": ["178"], "title": ["模仿游戏"], "rating_num": ["8.7"], "comment_num": ["441996人评价"], "info": ["导演: 莫滕·泰杜姆 Morten Tyldum   主演: 本尼迪克特·康伯巴奇 Benedict C..."], "motto": ["他给机器起名“克里斯托弗”，因为这是他初恋的名字。"], "pic_url": ["https://img3.doubanio.com/view/photo/s_ratio_poster/public/p2255040492.jpg"]}
{"rank": ["179"], "title": ["头脑特工队"], "rating_num": ["8.7"], "comment_num": ["426393人评价"], "info": ["导演: 彼特·道格特 Pete Docter / 罗纳尔多·德尔·卡门 Ronaldo Del Carmen  &nb..."], "motto": ["愿我们都不用长大，每一座城堡都能永远存在。"], "pic_url": ["https://img9.doubanio.com/view/photo/s_ratio_poster/public/p2266293606.jpg"]}
{"rank": ["180"], "title": ["新世界"], "rating_num": ["8.8"], "comment_num": ["242347人评价"], "info": ["导演: 朴勋政 Hoon-jung Park   主演: 李政宰 Jung-Jae Lee / 崔岷植 Min-sik..."], "motto": ["要做就做得狠一点，这样才能活下去。"], "pic_url": ["https://img1.doubanio.com/view/photo/s_ratio_poster/public/p1903379979.jpg"]}
{"rank": ["181"], "title": ["未麻的部屋"], "rating_num": ["8.9"], "comment_num": ["192523人评价"], "info": ["导演: 今敏 Satoshi Kon   主演: 岩男润子 Junko Iwao / 松本梨香 Rica Matsu..."], "motto": ["好的剧本是，就算你猜到了结局也猜不到全部。"], "pic_url": ["https://img3.doubanio.com/view/photo/s_ratio_poster/public/p1351050722.jpg"]}
{"rank": ["182"], "title": ["你看起来好像很好吃"], "rating_num": ["8.9"], "comment_num": ["252042人评价"], "info": ["导演: 藤森雅也 Masaya Fujimori   主演: 山口胜平 Kappei Yamaguchi / 爱河..."], "motto": ["感情不分食草或者食肉。"], "pic_url": ["https://img3.doubanio.com/view/photo/s_ratio_poster/public/p709670262.jpg"]}
{"rank": ["183"], "title": ["雨人"], "rating_num": ["8.7"], "comment_num": ["313604人评价"], "info": ["导演: 巴瑞·莱文森 Barry Levinson   主演: 达斯汀·霍夫曼 Dustin Hoffman ..."], "motto": ["生活在自己的世界里，也可以让周围的人显得可笑和渺小。"], "pic_url": ["https://img3.doubanio.com/view/photo/s_ratio_poster/public/p2353324612.jpg"]}
{"rank": ["184"], "title": ["无敌破坏王"], "rating_num": ["8.7"], "comment_num": ["389331人评价"], "info": ["导演: 瑞奇·莫尔 Rich Moore   主演: 约翰·C·赖利 John C. Reilly / 萨拉..."], "motto": ["迪士尼和皮克斯拿错剧本的产物。"], "pic_url": ["https://img9.doubanio.com/view/photo/s_ratio_poster/public/p1735642656.jpg"]}
{"rank": ["185"], "title": ["海街日记"], "rating_num": ["8.8"], "comment_num": ["290112人评价"], "info": ["导演: 是枝裕和 Hirokazu Koreeda   主演: 绫濑遥 Haruka Ayase / 长泽雅美 M..."], "motto": ["是枝裕和的家庭习作。"], "pic_url": ["https://img3.doubanio.com/view/photo/s_ratio_poster/public/p2242546753.jpg"]}
{"rank": ["186"], "title": ["冰川时代"], "rating_num": ["8.6"], "comment_num": ["465700人评价"], "info": ["导演: 卡洛斯·沙尔丹哈 Carlos Saldanha / 克里斯·韦奇 Chris Wedge   主演..."], "motto": ["松鼠才是角儿。"], "pic_url": ["https://img1.doubanio.com/view/photo/s_ratio_poster/public/p1910895719.jpg"]}
{"rank": ["187"], "title": ["恋恋笔记本"], "rating_num": ["8.5"], "comment_num": ["485218人评价"], "info": ["导演: 尼克·卡索维茨 Nick Cassavetes   主演: 瑞恩·高斯林 Ryan Gosling /..."], "motto": ["爱情没有那么多借口，如果不能圆满，只能说明爱的不够。 "], "pic_url": ["https://img9.doubanio.com/view/photo/s_ratio_poster/public/p483604864.jpg"]}
{"rank": ["188"], "title": ["惊魂记"], "rating_num": ["9.0"], "comment_num": ["171099人评价"], "info": ["导演: 阿尔弗雷德·希区柯克 Alfred Hitchcock   主演: 安东尼·博金斯 Antho..."], "motto": ["故事的反转与反转，分裂电影的始祖。"], "pic_url": ["https://img9.doubanio.com/view/photo/s_ratio_poster/public/p1021883305.jpg"]}
{"rank": ["189"], "title": ["二十二"], "rating_num": ["8.7"], "comment_num": ["217804人评价"], "info": ["导演: 郭柯 Ke Guo   主演:"], "motto": ["有一些东西不应该被遗忘。"], "pic_url": ["https://img1.doubanio.com/view/photo/s_ratio_poster/public/p2457609817.jpg"]}
{"rank": ["190"], "title": ["海边的曼彻斯特"], "rating_num": ["8.6"], "comment_num": ["359512人评价"], "info": ["导演: 肯尼斯·罗纳根 Kenneth Lonergan   主演: 卡西·阿弗莱克 Casey Affle..."], "motto": ["我们都有权利不与自己的过去和解。"], "pic_url": ["https://img9.doubanio.com/view/photo/s_ratio_poster/public/p2421855655.jpg"]}
{"rank": ["191"], "title": ["恐怖游轮"], "rating_num": ["8.5"], "comment_num": ["578750人评价"], "info": ["导演: 克里斯托弗·史密斯 Christopher Smith   主演: 梅利莎·乔治 Melissa ..."], "motto": ["不要企图在重复中寻找已经失去的爱。"], "pic_url": ["https://img9.doubanio.com/view/photo/s_ratio_poster/public/p462470694.jpg"]}
{"rank": ["192"], "title": ["房间"], "rating_num": ["8.8"], "comment_num": ["292872人评价"], "info": ["导演: 伦尼·阿伯拉罕森 Lenny Abrahamson   主演: 布丽·拉尔森 Brie Larson..."], "motto": ["被偷走的岁月，被伤害的生命，被禁锢的灵魂，终将被希望和善意救赎。"], "pic_url": ["https://img9.doubanio.com/view/photo/s_ratio_poster/public/p2259715855.jpg"]}
{"rank": ["193"], "title": ["奇迹男孩"], "rating_num": ["8.6"], "comment_num": ["424250人评价"], "info": ["导演: 斯蒂芬·卓博斯基 Stephen Chbosky   主演: 雅各布·特伦布莱 Jacob Tr..."], "motto": ["世界不完美，爱会有奇迹。"], "pic_url": ["https://img1.doubanio.com/view/photo/s_ratio_poster/public/p2507709428.jpg"]}
{"rank": ["194"], "title": ["虎口脱险"], "rating_num": ["8.9"], "comment_num": ["173474人评价"], "info": ["导演: 杰拉尔·乌里 Gérard Oury   主演: 路易·德·菲耐斯 Louis de Funès..."], "motto": ["永远看不腻的喜剧。"], "pic_url": ["https://img3.doubanio.com/view/photo/s_ratio_poster/public/p2399597512.jpg"]}
{"rank": ["195"], "title": ["魔女宅急便"], "rating_num": ["8.6"], "comment_num": ["341711人评价"], "info": ["导演: 宫崎骏 Hayao Miyazaki   主演: 高山南 Minami Takayama / 佐久间玲 Re..."], "motto": ["宫崎骏的电影总让人感觉世界是美好的，阳光明媚的。"], "pic_url": ["https://img3.doubanio.com/view/photo/s_ratio_poster/public/p456676352.jpg"]}
{"rank": ["196"], "title": ["雨中曲"], "rating_num": ["9.0"], "comment_num": ["151595人评价"], "info": ["导演: 斯坦利·多南 Stanley Donen / 吉恩·凯利 Gene Kelly   主演: 吉恩·..."], "motto": ["骨灰级歌舞片。"], "pic_url": ["https://img9.doubanio.com/view/photo/s_ratio_poster/public/p1612355875.jpg"]}
{"rank": ["197"], "title": ["小偷家族"], "rating_num": ["8.7"], "comment_num": ["598960人评价"], "info": ["导演: 是枝裕和 Hirokazu Koreeda   主演: 中川雅也 Lily Franky / 安藤樱 Sa..."], "motto": ["我们组成了家。"], "pic_url": ["https://img9.doubanio.com/view/photo/s_ratio_poster/public/p2530599636.jpg"]}
{"rank": ["198"], "title": ["疯狂的石头"], "rating_num": ["8.5"], "comment_num": ["585775人评价"], "info": ["导演: 宁浩 Hao Ning   主演: 郭涛 Tao Guo / 刘桦 Hua Liu / 连晋 Teddy Lin"], "motto": ["中国版《两杆大烟枪》。"], "pic_url": ["https://img3.doubanio.com/view/photo/s_ratio_poster/public/p712241453.jpg"]}
{"rank": ["199"], "title": ["绿里奇迹"], "rating_num": ["8.8"], "comment_num": ["205366人评价"], "info": ["导演: Frank Darabont   主演: 汤姆·汉克斯 Tom Hanks / 大卫·摩斯 David M..."], "motto": ["天使暂时离开。"], "pic_url": ["https://img3.doubanio.com/view/photo/s_ratio_poster/public/p767586451.jpg"]}
{"rank": ["200"], "title": ["人工智能"], "rating_num": ["8.6"], "comment_num": ["321999人评价"], "info": ["导演: 史蒂文·斯皮尔伯格 Steven Spielberg   主演: 海利·乔·奥斯蒙 Haley..."], "motto": ["对爱的执着，可以超越一切。"], "pic_url": ["https://img1.doubanio.com/view/photo/s_ratio_poster/public/p792257137.jpg"]}
{"rank": ["201"], "title": ["爱在午夜降临前"], "rating_num": ["8.8"], "comment_num": ["237671人评价"], "info": ["导演: 理查德·林克莱特 Richard Linklater   主演: 伊桑·霍克 Ethan Hawke ..."], "motto": ["所谓爱情，就是话唠一路，都不会心生腻烦，彼此嫌弃。"], "pic_url": ["https://img1.doubanio.com/view/photo/s_ratio_poster/public/p2074715729.jpg"]}
{"rank": ["202"], "title": ["罗生门"], "rating_num": ["8.8"], "comment_num": ["223564人评价"], "info": ["导演: 黑泽明 Akira Kurosawa   主演: 三船敏郎 Toshirô Mifune / 京町子 ..."], "motto": ["人生的N种可能性。"], "pic_url": ["https://img1.doubanio.com/view/photo/s_ratio_poster/public/p2564689879.jpg"]}
{"rank": ["203"], "title": ["终结者2：审判日"], "rating_num": ["8.7"], "comment_num": ["257844人评价"], "info": ["导演: 詹姆斯·卡梅隆 James Cameron   主演: 阿诺·施瓦辛格 Arnold Schwarz..."], "motto": ["少见的超越首部的续集，动作片中的经典。"], "pic_url": ["https://img9.doubanio.com/view/photo/s_ratio_poster/public/p1910909085.jpg"]}
{"rank": ["204"], "title": ["初恋这件小事"], "rating_num": ["8.4"], "comment_num": ["774587人评价"], "info": ["导演: 普特鹏·普罗萨卡·那·萨克那卡林 Puttipong Promsaka Na Sakolnakorn / 华森·波克彭..."], "motto": ["黑小鸭速效美白记。"], "pic_url": ["https://img1.doubanio.com/view/photo/s_ratio_poster/public/p767451487.jpg"]}
{"rank": ["205"], "title": ["海洋"], "rating_num": ["9.1"], "comment_num": ["131641人评价"], "info": ["导演: 雅克·贝汉 Jacques Perrin / 雅克·克鲁奥德 Jacques Cluzaud   主演:..."], "motto": ["大海啊，不全是水。"], "pic_url": ["https://img1.doubanio.com/view/photo/s_ratio_poster/public/p2173334947.jpg"]}
{"rank": ["206"], "title": ["魂断蓝桥"], "rating_num": ["8.8"], "comment_num": ["203890人评价"], "info": ["导演: 茂文·勒鲁瓦 Mervyn LeRoy   主演: 费雯·丽 Vivien Leigh / 罗伯特·..."], "motto": ["中国式内在的美国电影。"], "pic_url": ["https://img1.doubanio.com/view/photo/s_ratio_poster/public/p2351134499.jpg"]}
{"rank": ["207"], "title": ["可可西里"], "rating_num": ["8.8"], "comment_num": ["213516人评价"], "info": ["导演: 陆川 Chuan Lu   主演: 多布杰 Duobujie / 张磊 Lei Zhang / 亓亮 Qi L..."], "motto": ["坚硬的信仰。"], "pic_url": ["https://img3.doubanio.com/view/photo/s_ratio_poster/public/p2414771522.jpg"]}
{"rank": ["208"], "title": ["2001太空漫游"], "rating_num": ["8.8"], "comment_num": ["205957人评价"], "info": ["导演: 斯坦利·库布里克 Stanley Kubrick   主演: 凯尔·杜拉 Keir Dullea / ..."], "motto": ["现代科幻电影的开山之作，最伟大导演的最伟大影片。"], "pic_url": ["https://img9.doubanio.com/view/photo/s_ratio_poster/public/p2560717825.jpg"]}
{"rank": ["209"], "title": ["燃情岁月"], "rating_num": ["8.8"], "comment_num": ["217809人评价"], "info": ["导演: 爱德华·兹威克 Edward Zwick   主演: 布拉德·皮特 Brad Pitt / 安东..."], "motto": ["传奇，不是每个人都可以拥有。"], "pic_url": ["https://img1.doubanio.com/view/photo/s_ratio_poster/public/p1023654037.jpg"]}
{"rank": ["210"], "title": ["城市之光"], "rating_num": ["9.3"], "comment_num": ["92066人评价"], "info": ["导演: Charles Chaplin   主演: 查理·卓别林 Charles Chaplin / 弗吉尼亚·..."], "motto": ["永远的小人物，伟大的卓别林。"], "pic_url": ["https://img1.doubanio.com/view/photo/s_ratio_poster/public/p2170238828.jpg"]}
{"rank": ["211"], "title": ["穿越时空的少女"], "rating_num": ["8.6"], "comment_num": ["300323人评价"], "info": ["导演: 细田守 Mamoru Hosoda   主演: 仲里依纱 Riisa Naka / 石田卓也 Takuya..."], "motto": ["爱上未来的你。 "], "pic_url": ["https://img9.doubanio.com/view/photo/s_ratio_poster/public/p2079334286.jpg"]}
{"rank": ["212"], "title": ["牯岭街少年杀人事件"], "rating_num": ["8.8"], "comment_num": ["188198人评价"], "info": ["导演: 杨德昌 Edward Yang   主演: 张震 Chen Chang / 杨静怡 Lisa Yang / 张..."], "motto": ["弱者送给弱者的一刀。"], "pic_url": ["https://img9.doubanio.com/view/photo/s_ratio_poster/public/p848381236.jpg"]}
{"rank": ["213"], "title": ["色，戒"], "rating_num": ["8.5"], "comment_num": ["496378人评价"], "info": ["导演: 李安 Ang Lee   主演: 梁朝伟 Tony Leung Chiu Wai / 汤唯 Wei Tang / ..."], "motto": ["假戏真情，爱欲深海"], "pic_url": ["https://img9.doubanio.com/view/photo/s_ratio_poster/public/p453716305.jpg"]}
{"rank": ["214"], "title": ["新龙门客栈"], "rating_num": ["8.6"], "comment_num": ["323914人评价"], "info": ["导演: 李惠民 Raymond Lee   主演: 张曼玉 Maggie Cheung / 林青霞 Brigitte ..."], "motto": ["嬉笑怒骂，调风动月。"], "pic_url": ["https://img1.doubanio.com/view/photo/s_ratio_poster/public/p1421018669.jpg"]}
{"rank": ["215"], "title": ["无耻混蛋"], "rating_num": ["8.6"], "comment_num": ["358402人评价"], "info": ["导演: Quentin Tarantino   主演: 布拉德·皮特 Brad Pitt / 梅拉尼·罗兰 M..."], "motto": ["昆汀同学越来越变态了，比北野武还杜琪峰。"], "pic_url": ["https://img1.doubanio.com/view/photo/s_ratio_poster/public/p2575043939.jpg"]}
{"rank": ["216"], "title": ["青蛇"], "rating_num": ["8.5"], "comment_num": ["376605人评价"], "info": ["导演: 徐克 Hark Tsui   主演: 张曼玉 Maggie Cheung / 王祖贤 Joey Wang / ..."], "motto": ["人生如此，浮生如斯。谁人言，花彼岸，此生情长意短。谁都是不懂爱的罢了。"], "pic_url": ["https://img9.doubanio.com/view/photo/s_ratio_poster/public/p584021784.jpg"]}
{"rank": ["217"], "title": ["源代码"], "rating_num": ["8.4"], "comment_num": ["614625人评价"], "info": ["导演: 邓肯·琼斯 Duncan Jones   主演: 杰克·吉伦哈尔 Jake Gyllenhaal / ..."], "motto": ["邓肯·琼斯继《月球》之后再度奉献出一部精彩绝伦的科幻佳作。"], "pic_url": ["https://img9.doubanio.com/view/photo/s_ratio_poster/public/p988260245.jpg"]}
{"rank": ["218"], "title": ["完美陌生人"], "rating_num": ["8.5"], "comment_num": ["408643人评价"], "info": ["导演: 保罗·格诺维瑟 Paolo Genovese   主演: 马可·贾利尼 Marco Giallini ..."], "motto": ["来啊，互相伤害啊！"], "pic_url": ["https://img9.doubanio.com/view/photo/s_ratio_poster/public/p2522331945.jpg"]}
{"rank": ["219"], "title": ["阿飞正传"], "rating_num": ["8.5"], "comment_num": ["366407人评价"], "info": ["导演: 王家卫 Kar Wai Wong   主演: 张国荣 Leslie Cheung / 张曼玉 Maggie C..."], "motto": ["王家卫是一种风格，张国荣是一个代表。"], "pic_url": ["https://img3.doubanio.com/view/photo/s_ratio_poster/public/p2525770523.jpg"]}
{"rank": ["220"], "title": ["遗愿清单"], "rating_num": ["8.6"], "comment_num": ["274413人评价"], "info": ["导演: 罗伯·莱纳 Rob Reiner   主演: 杰克·尼科尔森 Jack Nicholson / 摩根..."], "motto": ["用剩余不多的时间，去燃烧整个生命。"], "pic_url": ["https://img3.doubanio.com/view/photo/s_ratio_poster/public/p1208653481.jpg"]}
{"rank": ["221"], "title": ["血钻"], "rating_num": ["8.7"], "comment_num": ["260710人评价"], "info": ["导演: 爱德华·兹威克 Edward Zwick   主演: 莱昂纳多·迪卡普里奥 Leonardo ..."], "motto": ["每个美丽事物背后都是滴血的现实。"], "pic_url": ["https://img3.doubanio.com/view/photo/s_ratio_poster/public/p1244017073.jpg"]}
{"rank": ["222"], "title": ["大佛普拉斯"], "rating_num": ["8.7"], "comment_num": ["281918人评价"], "info": ["导演: 黄信尧 Hsin-yao Huang   主演: 庄益增 Yizeng Zhuang / 陈竹昇 Chu-sh..."], "motto": ["人们可以登上月球，却永远无法探索人们内心的宇宙。"], "pic_url": ["https://img3.doubanio.com/view/photo/s_ratio_poster/public/p2505928032.jpg"]}
{"rank": ["223"], "title": ["谍影重重2"], "rating_num": ["8.7"], "comment_num": ["264730人评价"], "info": ["导演: 保罗·格林格拉斯 Paul Greengrass   主演: 马特·达蒙 Matt Damon / ..."], "motto": ["谁说王家卫镜头很晃？"], "pic_url": ["https://img9.doubanio.com/view/photo/s_ratio_poster/public/p667644866.jpg"]}
{"rank": ["224"], "title": ["香水"], "rating_num": ["8.5"], "comment_num": ["426723人评价"], "info": ["导演: 汤姆·提克威 Tom Tykwer   主演: 本·卫肖 Ben Whishaw / 艾伦·瑞克..."], "motto": ["一个单凭体香达到高潮的男人。"], "pic_url": ["https://img9.doubanio.com/view/photo/s_ratio_poster/public/p2441127736.jpg"]}
{"rank": ["225"], "title": ["地球上的星星"], "rating_num": ["8.9"], "comment_num": ["153254人评价"], "info": ["导演: 阿米尔·汗 Aamir Khan   主演: 达席尔·萨法瑞 Darsheel Safary / 阿..."], "motto": ["天使保护事件始末。"], "pic_url": ["https://img9.doubanio.com/view/photo/s_ratio_poster/public/p1973489335.jpg"]}
{"rank": ["226"], "title": ["战争之王"], "rating_num": ["8.6"], "comment_num": ["265312人评价"], "info": ["导演: 安德鲁·尼科尔 Andrew Niccol   主演: 尼古拉斯·凯奇 Nicolas Cage /..."], "motto": ["做一颗让别人需要你的棋子。"], "pic_url": ["https://img3.doubanio.com/view/photo/s_ratio_poster/public/p792282381.jpg"]}
{"rank": ["227"], "title": ["谍影重重"], "rating_num": ["8.6"], "comment_num": ["316220人评价"], "info": ["导演: 道格·里曼 Doug Liman   主演: 马特·达蒙 Matt Damon / 弗兰卡·波坦..."], "motto": ["哗啦啦啦啦，天在下雨，哗啦啦啦啦，云在哭泣……找自己。"], "pic_url": ["https://img3.doubanio.com/view/photo/s_ratio_poster/public/p1597183981.jpg"]}
{"rank": ["228"], "title": ["疯狂的麦克斯4：狂暴之路"], "rating_num": ["8.6"], "comment_num": ["376299人评价"], "info": ["导演: 乔治·米勒 George Miller   主演: 汤姆·哈迪 Tom Hardy / 查理兹·塞..."], "motto": ["“多么美好的一天！”轰轰轰砰咚，啪哒哒哒轰隆隆，磅~"], "pic_url": ["https://img3.doubanio.com/view/photo/s_ratio_poster/public/p2236181653.jpg"]}
{"rank": ["230"], "title": ["步履不停"], "rating_num": ["8.8"], "comment_num": ["186644人评价"], "info": ["导演: 是枝裕和 Hirokazu Koreeda   主演: 阿部宽 Hiroshi Abe / 夏川结衣 Yu..."], "motto": ["日本的家庭电影已经是世界巅峰了，步履不停是巅峰中的佳作。"], "pic_url": ["https://img9.doubanio.com/view/photo/s_ratio_poster/public/p926535516.jpg"]}
{"rank": ["231"], "title": ["彗星来的那一夜"], "rating_num": ["8.5"], "comment_num": ["370068人评价"], "info": ["导演: 詹姆斯·沃德·布柯特 James Ward Byrkit   主演: 艾米丽·芭尔多尼 Em..."], "motto": ["小成本大魅力。"], "pic_url": ["https://img9.doubanio.com/view/photo/s_ratio_poster/public/p2187896734.jpg"]}
{"rank": ["232"], "title": ["猜火车"], "rating_num": ["8.5"], "comment_num": ["342402人评价"], "info": ["导演: 丹尼·博伊尔 Danny Boyle   主演: 伊万·麦克格雷格 Ewan McGregor / ..."], "motto": ["不可猜的青春迷笛。 "], "pic_url": ["https://img1.doubanio.com/view/photo/s_ratio_poster/public/p513567548.jpg"]}
{"rank": ["234"], "title": ["朗读者"], "rating_num": ["8.6"], "comment_num": ["373709人评价"], "info": ["导演: 史蒂芬·戴德利 Stephen Daldry   主演: 凯特·温丝莱特 Kate Winslet ..."], "motto": ["当爱情跨越年龄的界限，它似乎能变得更久远一点，成为一种责任，一种水到渠成的相濡以沫。 "], "pic_url": ["https://img1.doubanio.com/view/photo/s_ratio_poster/public/p1140984198.jpg"]}
{"rank": ["235"], "title": ["浪潮"], "rating_num": ["8.7"], "comment_num": ["206912人评价"], "info": ["导演: 丹尼斯·甘塞尔 Dennis Gansel   主演: 尤尔根·沃格尔 Jürgen Vogel ..."], "motto": ["世界离独裁只有五天。"], "pic_url": ["https://img3.doubanio.com/view/photo/s_ratio_poster/public/p1344888983.jpg"]}
{"rank": ["236"], "title": ["小萝莉的猴神大叔"], "rating_num": ["8.4"], "comment_num": ["363503人评价"], "info": ["导演: 卡比尔·汗 Kabir Khan   主演: 萨尔曼·汗 Salman Khan / 哈莎莉·马..."], "motto": ["宝莱坞的萝莉与大叔。"], "pic_url": ["https://img9.doubanio.com/view/photo/s_ratio_poster/public/p2510956726.jpg"]}
{"rank": ["237"], "title": ["再次出发之纽约遇见你"], "rating_num": ["8.6"], "comment_num": ["310428人评价"], "info": ["导演: 约翰·卡尼 John Carney   主演: 凯拉·奈特莉 Keira Knightley / 马克..."], "motto": ["爱我就给我看你的播放列表。"], "pic_url": ["https://img3.doubanio.com/view/photo/s_ratio_poster/public/p2250287733.jpg"]}
{"rank": ["238"], "title": ["东京物语"], "rating_num": ["9.2"], "comment_num": ["93532人评价"], "info": ["导演: 小津安二郎 Yasujirô Ozu   主演: 笠智众 Chishû Ryû / 原节..."], "motto": ["东京那么大，如果有一天走失了，恐怕一辈子不能再相见。"], "pic_url": ["https://img9.doubanio.com/view/photo/s_ratio_poster/public/p1925331564.jpg"]}
{"rank": ["239"], "title": ["驴得水"], "rating_num": ["8.3"], "comment_num": ["676714人评价"], "info": ["导演: 周申 Shen Zhou / 刘露 Lu Liu   主演: 任素汐 Suxi Ren / 大力 Da Li ..."], "motto": ["过去的如果就让它过去了，未来只会越来越糟！"], "pic_url": ["https://img3.doubanio.com/view/photo/s_ratio_poster/public/p2393044761.jpg"]}
{"rank": ["240"], "title": ["聚焦"], "rating_num": ["8.8"], "comment_num": ["212407人评价"], "info": ["导演: 托马斯·麦卡锡 Thomas McCarthy   主演: 马克·鲁弗洛 Mark Ruffalo /..."], "motto": ["新闻人的理性求真。"], "pic_url": ["https://img1.doubanio.com/view/photo/s_ratio_poster/public/p2263822658.jpg"]}
{"rank": ["242"], "title": ["追随"], "rating_num": ["8.9"], "comment_num": ["134640人评价"], "info": ["导演: 克里斯托弗·诺兰 Christopher Nolan   主演: 杰里米·西奥伯德 Jeremy..."], "motto": ["诺兰的牛逼来源于内心散发出的恐惧。"], "pic_url": ["https://img3.doubanio.com/view/photo/s_ratio_poster/public/p2561545031.jpg"]}
{"rank": ["243"], "title": ["千钧一发"], "rating_num": ["8.8"], "comment_num": ["179494人评价"], "info": ["导演: 安德鲁·尼科尔 Andrew Niccol   主演: 伊桑·霍克 Ethan Hawke / 乌玛..."], "motto": ["一部能引人思考的科幻励志片。"], "pic_url": ["https://img9.doubanio.com/view/photo/s_ratio_poster/public/p2195672555.jpg"]}
{"rank": ["244"], "title": ["我爱你"], "rating_num": ["9.0"], "comment_num": ["113118人评价"], "info": ["导演: 秋昌民 Chang-min Choo   主演: 宋在河 Jae-ho Song / 李顺载 Soon-jae..."], "motto": ["你要相信，这世上真的有爱存在，不管在什么年纪 "], "pic_url": ["https://img1.doubanio.com/view/photo/s_ratio_poster/public/p1075591188.jpg"]}
{"rank": ["245"], "title": ["一次别离"], "rating_num": ["8.7"], "comment_num": ["199364人评价"], "info": ["导演: 阿斯哈·法哈蒂 Asghar Farhadi   主演: 佩曼·莫阿迪 Peyman Moadi /..."], "motto": ["只有有信仰的人才能说出事实真相。"], "pic_url": ["https://img9.doubanio.com/view/photo/s_ratio_poster/public/p2189835254.jpg"]}
{"rank": ["246"], "title": ["黑鹰坠落"], "rating_num": ["8.7"], "comment_num": ["214204人评价"], "info": ["导演: 雷德利·斯科特 Ridley Scott   主演: 乔什·哈奈特 Josh Hartnett / ..."], "motto": ["还原真实而残酷的战争。"], "pic_url": ["https://img3.doubanio.com/view/photo/s_ratio_poster/public/p1910900710.jpg"]}
{"rank": ["247"], "title": ["四个春天"], "rating_num": ["8.9"], "comment_num": ["121412人评价"], "info": ["导演: 陆庆屹 Lu Qing Yi   主演: 陆运坤 Yunkun Lu / 李桂贤 Guixian Li / ..."], "motto": ["来也匆匆去也匆匆，就这样风雨兼程。"], "pic_url": ["https://img1.doubanio.com/view/photo/s_ratio_poster/public/p2540578887.jpg"]}
{"rank": ["249"], "title": ["黑客帝国2：重装上阵"], "rating_num": ["8.6"], "comment_num": ["263452人评价"], "info": ["导演: Andy Wachowski / Larry Wachowski   主演: 基努·里维斯 Keanu Reeves..."], "motto": ["一个精彩的世界观正在缓缓建立。"], "pic_url": ["https://img3.doubanio.com/view/photo/s_ratio_poster/public/p443461390.jpg"]}
{"rank": ["250"], "title": ["发条橙"], "rating_num": ["8.6"], "comment_num": ["284680人评价"], "info": ["导演: Stanley Kubrick   主演: Malcolm McDowell / Patrick Magee / Michael..."], "motto": ["我完全康复了。"], "pic_url": ["https://img9.doubanio.com/view/photo/s_ratio_poster/public/p529908155.jpg"]}
