{"rank": ["1"], "title": ["肖申克的救赎"], "rating_num": ["9.7"], "comment_num": ["2088503人评价"], "info": ["导演: 弗兰克·德拉邦特 Frank Darabont   主演: 蒂姆·罗宾斯 Tim Robbins /..."], "motto": ["希望让人自由。"], "pic_url": ["https://img3.doubanio.com/view/photo/s_ratio_poster/public/p480747492.jpg"]}
{"rank": ["2"], "title": ["霸王别姬"], "rating_num": ["9.6"], "comment_num": ["1549015人评价"], "info": ["导演: 陈凯歌 Kaige Chen   主演: 张国荣 Leslie Cheung / 张丰毅 Fengyi Zha..."], "motto": ["风华绝代。"], "pic_url": ["https://img3.doubanio.com/view/photo/s_ratio_poster/public/p2561716440.jpg"]}
{"rank": ["3"], "title": ["阿甘正传"], "rating_num": ["9.5"], "comment_num": ["1577453人评价"], "info": ["导演: 罗伯特·泽米吉斯 Robert Zemeckis   主演: 汤姆·汉克斯 Tom Hanks / ..."], "motto": ["一部美国近现代史。"], "pic_url": ["https://img3.doubanio.com/view/photo/s_ratio_poster/public/p2372307693.jpg"]}
{"rank": ["4"], "title": ["这个杀手不太冷"], "rating_num": ["9.4"], "comment_num": ["1767656人评价"], "info": ["导演: 吕克·贝松 Luc Besson   主演: 让·雷诺 Jean Reno / 娜塔莉·波特曼 ..."], "motto": ["怪蜀黍和小萝莉不得不说的故事。"], "pic_url": ["https://img3.doubanio.com/view/photo/s_ratio_poster/public/p511118051.jpg"]}
{"rank": ["5"], "title": ["泰坦尼克号"], "rating_num": ["9.4"], "comment_num": ["1531033人评价"], "info": ["导演: 詹姆斯·卡梅隆 James Cameron   主演: 莱昂纳多·迪卡普里奥 Leonardo..."], "motto": ["失去的才是永恒的。 "], "pic_url": ["https://img9.doubanio.com/view/photo/s_ratio_poster/public/p457760035.jpg"]}
{"rank": ["6"], "title": ["美丽人生"], "rating_num": ["9.5"], "comment_num": ["987578人评价"], "info": ["导演: 罗伯托·贝尼尼 Roberto Benigni   主演: 罗伯托·贝尼尼 Roberto Beni..."], "motto": ["最美的谎言。"], "pic_url": ["https://img3.doubanio.com/view/photo/s_ratio_poster/public/p2578474613.jpg"]}
{"rank": ["7"], "title": ["千与千寻"], "rating_num": ["9.4"], "comment_num": ["1640417人评价"], "info": ["导演: 宫崎骏 Hayao Miyazaki   主演: 柊瑠美 Rumi Hîragi / 入野自由 Miy..."], "motto": ["最好的宫崎骏，最好的久石让。 "], "pic_url": ["https://img1.doubanio.com/view/photo/s_ratio_poster/public/p2557573348.jpg"]}
{"rank": ["8"], "title": ["辛德勒的名单"], "rating_num": ["9.5"], "comment_num": ["803343人评价"], "info": ["导演: 史蒂文·斯皮尔伯格 Steven Spielberg   主演: 连姆·尼森 Liam Neeson..."], "motto": ["拯救一个人，就是拯救整个世界。"], "pic_url": ["https://img3.doubanio.com/view/photo/s_ratio_poster/public/p492406163.jpg"]}
{"rank": ["9"], "title": ["盗梦空间"], "rating_num": ["9.3"], "comment_num": ["1505755人评价"], "info": ["导演: 克里斯托弗·诺兰 Christopher Nolan   主演: 莱昂纳多·迪卡普里奥 Le..."], "motto": ["诺兰给了我们一场无法盗取的梦。"], "pic_url": ["https://img9.doubanio.com/view/photo/s_ratio_poster/public/p513344864.jpg"]}
{"rank": ["10"], "title": ["忠犬八公的故事"], "rating_num": ["9.4"], "comment_num": ["1048132人评价"], "info": ["导演: 莱塞·霍尔斯道姆 Lasse Hallström   主演: 理查·基尔 Richard Ger..."], "motto": ["永远都不能忘记你所爱的人。"], "pic_url": ["https://img1.doubanio.com/view/photo/s_ratio_poster/public/p524964039.jpg"]}
{"rank": ["11"], "title": ["海上钢琴师"], "rating_num": ["9.3"], "comment_num": ["1255994人评价"], "info": ["导演: 朱塞佩·托纳多雷 Giuseppe Tornatore   主演: 蒂姆·罗斯 Tim Roth / ..."], "motto": ["每个人都要走一条自己坚定了的路，就算是粉身碎骨。 "], "pic_url": ["https://img9.doubanio.com/view/photo/s_ratio_poster/public/p2574551676.jpg"]}
{"rank": ["12"], "title": ["楚门的世界"], "rating_num": ["9.3"], "comment_num": ["1128803人评价"], "info": ["导演: 彼得·威尔 Peter Weir   主演: 金·凯瑞 Jim Carrey / 劳拉·琳妮 Lau..."], "motto": ["如果再也不能见到你，祝你早安，午安，晚安。"], "pic_url": ["https://img3.doubanio.com/view/photo/s_ratio_poster/public/p479682972.jpg"]}
{"rank": ["13"], "title": ["三傻大闹宝莱坞"], "rating_num": ["9.2"], "comment_num": ["1398251人评价"], "info": ["导演: 拉库马·希拉尼 Rajkumar Hirani   主演: 阿米尔·汗 Aamir Khan / 卡..."], "motto": ["英俊版憨豆，高情商版谢耳朵。"], "pic_url": ["https://img3.doubanio.com/view/photo/s_ratio_poster/public/p579729551.jpg"]}
{"rank": ["14"], "title": ["机器人总动员"], "rating_num": ["9.3"], "comment_num": ["990657人评价"], "info": ["导演: 安德鲁·斯坦顿 Andrew Stanton   主演: 本·贝尔特 Ben Burtt / 艾丽..."], "motto": ["小瓦力，大人生。"], "pic_url": ["https://img3.doubanio.com/view/photo/s_ratio_poster/public/p1461851991.jpg"]}
{"rank": ["15"], "title": ["放牛班的春天"], "rating_num": ["9.3"], "comment_num": ["972607人评价"], "info": ["导演: 克里斯托夫·巴拉蒂 Christophe Barratier   主演: 热拉尔·朱尼奥 Gé..."], "motto": ["天籁一般的童声，是最接近上帝的存在。 "], "pic_url": ["https://img3.doubanio.com/view/photo/s_ratio_poster/public/p1910824951.jpg"]}
{"rank": ["16"], "title": ["星际穿越"], "rating_num": ["9.3"], "comment_num": ["1130297人评价"], "info": ["导演: 克里斯托弗·诺兰 Christopher Nolan   主演: 马修·麦康纳 Matthew Mc..."], "motto": ["爱是一种力量，让我们超越时空感知它的存在。"], "pic_url": ["https://img1.doubanio.com/view/photo/s_ratio_poster/public/p2614988097.jpg"]}
{"rank": ["17"], "title": ["大话西游之大圣娶亲"], "rating_num": ["9.2"], "comment_num": ["1106961人评价"], "info": ["导演: 刘镇伟 Jeffrey Lau   主演: 周星驰 Stephen Chow / 吴孟达 Man Tat Ng..."], "motto": ["一生所爱。"], "pic_url": ["https://img9.doubanio.com/view/photo/s_ratio_poster/public/p2455050536.jpg"]}
{"rank": ["18"], "title": ["熔炉"], "rating_num": ["9.3"], "comment_num": ["681971人评价"], "info": ["导演: 黄东赫 Dong-hyuk Hwang   主演: 孔侑 Yoo Gong / 郑有美 Yu-mi Jung /..."], "motto": ["我们一路奋战不是为了改变世界，而是为了不让世界改变我们。"], "pic_url": ["https://img9.doubanio.com/view/photo/s_ratio_poster/public/p1363250216.jpg"]}
{"rank": ["19"], "title": ["疯狂动物城"], "rating_num": ["9.2"], "comment_num": ["1327972人评价"], "info": ["导演: 拜伦·霍华德 Byron Howard / 瑞奇·摩尔 Rich Moore   主演: 金妮弗·..."], "motto": ["迪士尼给我们营造的乌托邦就是这样，永远善良勇敢，永远出乎意料。"], "pic_url": ["https://img1.doubanio.com/view/photo/s_ratio_poster/public/p2614500649.jpg"]}
{"rank": ["20"], "title": ["无间道"], "rating_num": ["9.2"], "comment_num": ["903130人评价"], "info": ["导演: 刘伟强 / 麦兆辉   主演: 刘德华 / 梁朝伟 / 黄秋生"], "motto": ["香港电影史上永不过时的杰作。"], "pic_url": ["https://img3.doubanio.com/view/photo/s_ratio_poster/public/p2564556863.jpg"]}
{"rank": ["21"], "title": ["龙猫"], "rating_num": ["9.2"], "comment_num": ["934338人评价"], "info": ["导演: 宫崎骏 Hayao Miyazaki   主演: 日高法子 Noriko Hidaka / 坂本千夏 Ch..."], "motto": ["人人心中都有个龙猫，童年就永远不会消失。"], "pic_url": ["https://img9.doubanio.com/view/photo/s_ratio_poster/public/p2540924496.jpg"]}
{"rank": ["22"], "title": ["教父"], "rating_num": ["9.3"], "comment_num": ["682407人评价"], "info": ["导演: 弗朗西斯·福特·科波拉 Francis Ford Coppola   主演: 马龙·白兰度 M..."], "motto": ["千万不要记恨你的对手，这样会让你失去理智。"], "pic_url": ["https://img9.doubanio.com/view/photo/s_ratio_poster/public/p616779645.jpg"]}
{"rank": ["23"], "title": ["当幸福来敲门"], "rating_num": ["9.1"], "comment_num": ["1122231人评价"], "info": ["导演: 加布里尔·穆奇诺 Gabriele Muccino   主演: 威尔·史密斯 Will Smith ..."], "motto": ["平民励志片。 "], "pic_url": ["https://img9.doubanio.com/view/photo/s_ratio_poster/public/p2614359276.jpg"]}
{"rank": ["24"], "title": ["怦然心动"], "rating_num": ["9.1"], "comment_num": ["1304241人评价"], "info": ["导演: 罗伯·莱纳 Rob Reiner   主演: 玛德琳·卡罗尔 Madeline Carroll / 卡..."], "motto": ["真正的幸福是来自内心深处。"], "pic_url": ["https://img1.doubanio.com/view/photo/s_ratio_poster/public/p501177648.jpg"]}
{"rank": ["25"], "title": ["触不可及"], "rating_num": ["9.2"], "comment_num": ["728909人评价"], "info": ["导演: 奥利维·那卡什 Olivier Nakache / 艾力克·托兰达 Eric Toledano   主..."], "motto": ["满满温情的高雅喜剧。"], "pic_url": ["https://img9.doubanio.com/view/photo/s_ratio_poster/public/p1454261925.jpg"]}
